{"type":"FeatureCollection","crs":{"type":"name","properties":{"name":"EPSG:4326"}},"features":[{"type":"Feature","id":1,"geometry":{"type":"Polygon","coordinates":[[[-93.226928999994,45.0356710002107],[-93.226928999994,45.0334849998158],[-93.2269289999939,45.031344999588],[-93.2269289999938,45.0313299998143],[-93.2269130001004,45.0295369998516],[-93.2268980000318,45.0277290001428],[-93.2268980000319,45.0277140000563],[-93.2268909994607,45.0259169998524],[-93.2268829990649,45.0242240004866],[-93.2268829990648,45.0240969997691],[-93.2268749995673,45.0222850000719],[-93.2268679998945,45.0216870001175],[-93.2268720000925,45.0215149994455],[-93.2268679998944,45.0204730001712],[-93.2268629989734,45.0195129996416],[-93.2268600003969,45.0189210000121],[-93.2268570000239,45.016841999977],[-93.2268509992779,45.0150219997001],[-93.2268449994301,45.0132139994324],[-93.22662899952,45.0132450004308],[-93.2260429997141,45.0132539998367],[-93.2258309991037,45.0132640000921],[-93.2256669999705,45.0132800003702],[-93.225357000349,45.0132260001282],[-93.2241739990699,45.0132369999699],[-93.222977000242,45.0132469995933],[-93.2228929996782,45.0132479998095],[-93.2216569995938,45.0132519994043],[-93.2204969996776,45.0132629998761],[-93.2200269993243,45.0133159998681],[-93.2197579997107,45.0133469995412],[-93.2196010002502,45.0133499995496],[-93.2194029998836,45.0133539997723],[-93.2190429991351,45.0133560002011],[-93.218137999487,45.013367999597],[-93.2178710004216,45.0133709996042],[-93.2177490002229,45.0087829994847],[-93.2176749997047,45.0060420000485],[-93.2174689998404,45.0060440000975],[-93.2172589997782,45.0060469998534],[-93.2139569994062,45.0060880005233],[-93.2137740000064,45.0060909996417],[-93.2135000003701,45.006093999395],[-93.2133569993566,45.0060959994423],[-93.2087119996686,45.0061539995108],[-93.2078460003786,45.0061650000756],[-93.2077309989541,45.0061660004156],[-93.2077139992356,45.0061660004156],[-93.2076359994179,45.0062050003219],[-93.2076379990678,45.0059769993698],[-93.2076179998745,45.0025239994446],[-93.2076079998288,45.0007299994681],[-93.2076009992577,45.00070600046],[-93.2076019999809,45.0006430003163],[-93.2076029998059,45.0005719997789],[-93.207601999981,45.0005490005074],[-93.2075959992348,44.9988619996066],[-93.2075769989683,44.995565999696],[-93.2075579996,44.9916839994596],[-93.2075659999959,44.9904250003798],[-93.2075740003919,44.9895039998165],[-93.2075869999124,44.9880709997311],[-93.207786999929,44.9880709997311],[-93.2108840002614,44.9880250000384],[-93.212645998979,44.9879989994776],[-93.2150569999462,44.9879649999971],[-93.2152039993612,44.9879609999074],[-93.2164379997956,44.9879440001585],[-93.2177049998419,44.987925999746],[-93.2189869990586,44.9879149994912],[-93.2190210002922,44.9879139994679],[-93.220260999676,44.9878979997286],[-93.2206189998762,44.9878959996814],[-93.2215649995324,44.9878850000561],[-93.2228319995788,44.9878730004048],[-93.2241969995344,44.9878529999214],[-93.225570999711,44.9878389995789],[-93.2269109995521,44.9878229998186],[-93.2269359996666,44.9878269999179],[-93.2282189996067,44.9878299999922],[-93.2285999993731,44.9878310000169],[-93.229484999828,44.9878320000416],[-93.2303769990575,44.9878350001157],[-93.2307629997451,44.9878350001157],[-93.2320399998373,44.9878359995051],[-93.2333150002796,44.9878379995543],[-93.2345899998236,44.987840999628],[-93.2353759996459,44.9878700003327],[-93.2355759996626,44.9878910001985],[-93.2357320001964,44.9879229996767],[-93.2359100004716,44.9879769996292],[-93.2360719999551,44.9880469998684],[-93.2361740000623,44.9881389998169],[-93.235952999231,44.9884519999374],[-93.2358989997027,44.9886239995277],[-93.2358719990403,44.9887269999217],[-93.2358619998928,44.9888180000419],[-93.2358349992303,44.9890390000045],[-93.2358349992302,44.9892930003693],[-93.2358629997176,44.989669999471],[-93.2358629997177,44.9911359997975],[-93.2358629997177,44.9914889997908],[-93.2363549998125,44.9914919996734],[-93.2366179995781,44.9914940002304],[-93.2367139998375,44.9917369997239],[-93.2367929994803,44.991875999873],[-93.2368469990086,44.991968999981],[-93.2370079995655,44.9921939996591],[-93.2371969997113,44.9924079996965],[-93.2374429997586,44.9927129992239],[-93.2376919992806,44.9929749999402],[-93.2379149997617,44.9932540001789],[-93.2381039999077,44.9935430002167],[-93.2382569991702,44.9938449996619],[-93.2383759998942,44.9941520002644],[-93.2385089990652,44.9945610000226],[-93.2385950001772,44.9949769993388],[-93.2386920002617,44.9954849996737],[-93.2387199989525,44.9960459994078],[-93.2386989999342,44.9966029998803],[-93.238661999226,44.996931999914],[-93.2386349994617,44.9970959999263],[-93.2385399999256,44.997538999809],[-93.2384179997269,44.9979779994172],[-93.2383959999857,44.9980399994685],[-93.2383109995969,44.9982719996185],[-93.2382809994595,44.9983779999822],[-93.2382549995203,44.9984479995876],[-93.238197999619,44.9986049995802],[-93.2381589992608,44.9987109999631],[-93.2384189995519,44.9987109999631],[-93.2391359997774,44.9987109999631],[-93.2397080002379,44.998711999798],[-93.2409819990586,44.9987140001029],[-93.2422709997446,44.998711999798],[-93.2448429994723,44.9987140001029],[-93.2461239997624,44.9987140001029],[-93.2472479996937,44.998714000103],[-93.2474140002733,44.998714000103],[-93.2474579997559,44.9987109999631],[-93.2475459996195,44.9987109999631],[-93.2486570000303,44.9987140001029],[-93.2487220003276,44.998714000103],[-93.2498629999772,44.9987109999632],[-93.249908000183,44.9987109999631],[-93.2511750002296,44.9987109999631],[-93.2512589989968,44.9987069999882],[-93.2524489990504,44.9987109999631],[-93.25375199998,44.9987130002681],[-93.2544769997031,44.9987130002681],[-93.2549970002851,44.998714000103],[-93.2562640003316,44.9987109999631],[-93.2575299996547,44.9987109999631],[-93.2575379991523,45.0008960002722],[-93.2575449997233,45.0023190001968],[-93.2575530001192,45.0030709997001],[-93.2575530001192,45.0052409998868],[-93.258903998933,45.0052450000406],[-93.2602460002207,45.0052490001943],[-93.2611109996858,45.0052519993566],[-93.2615589993995,45.0052529997126],[-93.2615659999706,45.0052799997877],[-93.2630059993708,45.0052830002186],[-93.2630690000185,45.0052870003696],[-93.2631319997676,45.0052839999389],[-93.263895000024,45.00528999953],[-93.2641309991271,45.0052919996053],[-93.264587000135,45.0052949994005],[-93.2661129997491,45.0052989995506],[-93.2676089992262,45.0052989995507],[-93.2676699993256,45.0052989995506],[-93.2676699993254,45.0050389993724],[-93.2688719990746,45.0050409994565],[-93.2688679997749,45.0053440002678],[-93.268859999379,45.0060539997065],[-93.2700809993946,45.0060539997065],[-93.2716599996105,45.0060500002442],[-93.2727529995797,45.0060290000457],[-93.2736689990984,45.0059919994353],[-93.2738629992672,45.0059799997642],[-93.2744359995528,45.0059429997574],[-93.2748890001876,45.013125999969],[-93.2750729994122,45.0147400001027],[-93.2758929995699,45.0159110000157],[-93.2766030001227,45.0177110003908],[-93.2771320000272,45.0202969999245],[-93.277465999938,45.0219279996953],[-93.2779310002686,45.0229599993265],[-93.2781460003537,45.0238440000597],[-93.2786289993291,45.0249820000999],[-93.2800249992469,45.0271759999842],[-93.2811839993384,45.0287619999027],[-93.2814679990204,45.0293120001692],[-93.2821919998169,45.0307509999564],[-93.2826959996071,45.0324270000275],[-93.282955999898,45.0329410001582],[-93.2832149994657,45.0334519992569],[-93.2834259993531,45.0353649997543],[-93.282955999898,45.0353649997543],[-93.2824859995447,45.0353649997542],[-93.2824259992702,45.0353649997543],[-93.2820529990014,45.0353729996625],[-93.2780259998048,45.0354649997971],[-93.2780130002843,45.0354649997971],[-93.2779689999031,45.0354659996253],[-93.2773539997851,45.0354659996253],[-93.2762819997324,45.0354649997971],[-93.2760289991142,45.035464999797],[-93.2758840002473,45.0354649997971],[-93.2757169998427,45.0354649997971],[-93.2752230000983,45.0354649997971],[-93.2735280004298,45.0354649997971],[-93.2733069995987,45.0354649997971],[-93.2732110002374,45.0354649997971],[-93.27314599994,45.0354649997971],[-93.2730730001452,45.0354649997971],[-93.2728260002729,45.0354649997971],[-93.2720289996815,45.0355029996026],[-93.2717259997328,45.0354649997971],[-93.2700449994096,45.0354950003473],[-93.2685530001308,45.0355219994958],[-93.2677399996458,45.0355369994405],[-93.2676699993254,45.0355379992674],[-93.2676069995763,45.0355419998444],[-93.2663880001088,45.0355419998444],[-93.2650990003211,45.0355419998444],[-93.2638089998102,45.0355419998444],[-93.2628980003143,45.0355439994979],[-93.2627400001305,45.0355439994979],[-93.2624969995579,45.0355449999595],[-93.2620370001487,45.0355449999595],[-93.2610879992214,45.035543999498],[-93.2610479990383,45.035543999498],[-93.2608029997144,45.035543999498],[-93.2601080001284,45.0355439994979],[-93.2600159991686,45.0355439994979],[-93.2599179992593,45.0355439994979],[-93.2584579997675,45.0355439994979],[-93.2574619989843,45.0355449999595],[-93.2555270000146,45.0355459997863],[-93.2554690002881,45.0355459997863],[-93.2554549991462,45.0355459997863],[-93.253850999714,45.035546999613],[-93.2532939993224,45.0355480000745],[-93.2532230000756,45.0355480000746],[-93.253163999626,45.0355480000746],[-93.2522699998483,45.0355480000745],[-93.2511829997271,45.0355489999013],[-93.2511449991939,45.0355489999013],[-93.2511140001301,45.0355489999013],[-93.2502289996753,45.0355489999013],[-93.2498470000838,45.0355489999012],[-93.2485579993977,45.0355530004775],[-93.2473869996109,45.0355530004775],[-93.2472100000588,45.0355530004774],[-93.2460169996321,45.0355609997247],[-93.2454270005267,45.0355639998389],[-93.2453599996813,45.0355639998389],[-93.2450130002499,45.0355660001265],[-93.2447739998753,45.0355679997793],[-93.2447279998445,45.0355679997793],[-93.2441029996807,45.0355720003541],[-93.2437060000206,45.0355759996592],[-93.2429660002289,45.0355750004678],[-93.2422060003456,45.0355789997725],[-93.2421839997059,45.0355789997726],[-93.2421239994316,45.0355789997725],[-93.2420310004434,45.0355799995987],[-93.2419920000854,45.0355799995987],[-93.2414009993583,45.0355839995379],[-93.2413329995862,45.0355839995379],[-93.2409839996068,45.0355849999988],[-93.2409409999492,45.0355849999988],[-93.240669998889,45.0355859998249],[-93.2405379995429,45.0355869996508],[-93.2405169996266,45.0355869996509],[-93.2396320000699,45.0355930005111],[-93.2389850001647,45.035595999354],[-93.2384179997268,45.0355989994663],[-93.2382579998934,45.035599999927],[-93.2382069998397,45.035599999927],[-93.2381869997482,45.035599999927],[-93.2380039994501,45.0356009997528],[-93.2377039998745,45.0356030000391],[-93.2371059994746,45.0356060001511],[-93.2347339997636,45.0356219998991],[-93.234622000509,45.0356229997246],[-93.2345769994047,45.0356239995499],[-93.2343169991138,45.0356259998354],[-93.2307510000495,45.035652000367],[-93.2294849998281,45.0356559996663],[-93.2283199998891,45.0356659998181],[-93.2282099993857,45.0356670002775],[-93.2269919997431,45.0356749995088],[-93.226928999994,45.0356710002107]]]},"properties":{"OBJECTID":1,"BDNUM":"1","Shape__Area":19900094.649755955,"Shape__Length":21936.824262222188}},{"type":"Feature","id":2,"geometry":{"type":"Polygon","coordinates":[[[-93.2320399998373,44.9878359995051],[-93.2307629997451,44.9878350001157],[-93.2303769990575,44.9878350001157],[-93.229484999828,44.9878320000416],[-93.2285999993731,44.9878310000169],[-93.2282189996067,44.9878299999922],[-93.2269359996666,44.9878269999179],[-93.2269109995521,44.9878229998186],[-93.225570999711,44.9878389995789],[-93.2241969995344,44.9878529999214],[-93.2228319995788,44.9878730004048],[-93.2215649995324,44.9878850000561],[-93.2206189998762,44.9878959996814],[-93.220260999676,44.9878979997286],[-93.2190210002922,44.9879139994679],[-93.2189869990586,44.9879149994912],[-93.2177049998419,44.987925999746],[-93.2164379997956,44.9879440001585],[-93.2152039993612,44.9879609999074],[-93.2150569999462,44.9879649999971],[-93.212645998979,44.9879989994776],[-93.2108840002614,44.9880250000384],[-93.207786999929,44.9880709997311],[-93.2075869999124,44.9880709997311],[-93.2076120000267,44.9847599993806],[-93.2076399996158,44.9811650003645],[-93.2076489998367,44.9803309993246],[-93.2076699997531,44.9772269992262],[-93.2076729992278,44.9767540003906],[-93.2076729992278,44.9767350000589],[-93.2076720003013,44.9763260001896],[-93.2076749997759,44.9760229997151],[-93.2076779992506,44.975739999814],[-93.2076809996238,44.9752079997114],[-93.207683000172,44.9749190000081],[-93.2076839999968,44.9747460003509],[-93.2076870003697,44.9742849994358],[-93.2076870003698,44.974162000243],[-93.2076919994944,44.9731660001931],[-93.2076949998673,44.9725830001737],[-93.2077019995401,44.971587000028],[-93.2076929993193,44.9714979998667],[-93.2076959996924,44.9714019999306],[-93.2077040000883,44.9712329998182],[-93.207710999761,44.9700230001897],[-93.2077129994107,44.9696039992313],[-93.2077139992356,44.9694399999975],[-93.2077259998295,44.9680099996748],[-93.2077329995023,44.966422999285],[-93.2077409998983,44.9646070000259],[-93.2077559999668,44.9628070002374],[-93.2077619998145,44.9605900001969],[-93.2077629996396,44.96033300019],[-93.2077639994645,44.9601170001744],[-93.2077679996624,44.9600679994103],[-93.2077699993123,44.9600339998933],[-93.2077699993123,44.9600060002386],[-93.207769999312,44.9599729999241],[-93.2077699993122,44.9599040002456],[-93.2077699993121,44.959792999262],[-93.2077699993122,44.9597619998537],[-93.2077699993122,44.9596929999215],[-93.2077699993121,44.9596639995842],[-93.2077699993122,44.9596320002254],[-93.2077690003857,44.9590280003185],[-93.2077769998833,44.9587429994005],[-93.207770999137,44.9585719996959],[-93.2077679996624,44.9584260002139],[-93.2077660000125,44.9573120001117],[-93.207786999929,44.9564019996267],[-93.2077819999061,44.9560850002208],[-93.207770999137,44.9553830005295],[-93.207770999137,44.9552270003501],[-93.2077639994644,44.9549329999595],[-93.2077619998146,44.9547619997076],[-93.2077609999898,44.9543080000947],[-93.2077589994416,44.9532629996303],[-93.2077569997918,44.953209000042],[-93.2100280001189,44.95469099955],[-93.21275999968,44.9561009999381],[-93.2135449996776,44.9556429996742],[-93.2136309998913,44.9555930002236],[-93.2140329995742,44.955312999825],[-93.214081000153,44.95527999999],[-93.2144760001632,44.9550379997724],[-93.2145539999812,44.954990000354],[-93.2150569999462,44.9547159999916],[-93.2153199997121,44.9545879996755],[-93.2155759998051,44.9544640002295],[-93.2161179992301,44.9542349994255],[-93.2165609998191,44.9540679995482],[-93.216674999622,44.9540249998476],[-93.2172470000825,44.953842000288],[-93.2178339997134,44.9536819997955],[-93.2183459998994,44.9535599996368],[-93.2188719994308,44.9534609995935],[-93.219467000356,44.9533619993794],[-93.2200699998804,44.9532930000154],[-93.2203829998747,44.9532710002008],[-93.2206799990773,44.9532509997262],[-93.2212750000025,44.9532279999029],[-93.2218779995267,44.9532279999029],[-93.2224730004519,44.9532509997262],[-93.2240389993508,44.95332399974],[-93.2255939992772,44.9533969996608],[-93.2268679998946,44.9534569996395],[-93.2270279997283,44.9534609995935],[-93.2283569996989,44.9535240001032],[-93.2299439994124,44.9535989997419],[-93.2300029989636,44.9536019996998],[-93.233111000065,44.9535969997696],[-93.234710999299,44.9535939998113],[-93.2349320001304,44.9535869999079],[-93.235152999165,44.9535519997424],[-93.2353589999277,44.9534949991909],[-93.2355499997232,44.9534150001061],[-93.2356569989551,44.9533619993794],[-93.2358250000829,44.9532619996384],[-93.2359619994519,44.9531669996913],[-93.2360839996507,44.9530600002785],[-93.2362590004512,44.9528690001951],[-93.2362849994921,44.9537179998658],[-93.2382050001899,44.9537230004212],[-93.2386339996371,44.9543389999067],[-93.2390719993048,44.9549669999563],[-93.2396039995825,44.9547890000489],[-93.2401609999745,44.9546059997472],[-93.2406420001983,44.9552699997858],[-93.2408449996896,44.9555530002503],[-93.2410970004829,44.9555519996626],[-93.241919999217,44.9555509997105],[-93.2424189998826,44.9555499997586],[-93.2424950000507,44.9555489998065],[-93.2429699995285,44.9555479998543],[-93.243221000497,44.9555469999023],[-93.2435939989692,44.9561970000546],[-93.2437489996783,44.9564619996421],[-93.2439610002887,44.9567470004473],[-93.2442779995827,44.9572229994142],[-93.2446860000117,44.9577640002875],[-93.2450860000448,44.9582230000555],[-93.2454859991796,44.9586059994436],[-93.2458619998216,44.9589979997532],[-93.2460040001118,44.9591440003224],[-93.2468490003837,44.9599299995631],[-93.2466700002837,44.9600980000518],[-93.2465249996203,44.959959999641],[-93.2462440003114,44.9596900002818],[-93.2461769994659,44.9596189992293],[-93.2459470002104,44.9594059993587],[-93.2456889995693,44.9591450002118],[-93.2451320000757,44.9591429997973],[-93.244707999753,44.9591429997973],[-93.2437019998227,44.9591460001012],[-93.2419740005421,44.9591450002118],[-93.241936000009,44.9591480005156],[-93.2409359999261,44.9591480005156],[-93.2399259997977,44.959150999548],[-93.2393569997102,44.9591529993265],[-93.2391919998539,44.9591529993265],[-93.2391679995644,44.9591529993265],[-93.2378190004006,44.9591549997407],[-93.2377549999282,44.9591559996299],[-93.2376999996764,44.9591549997407],[-93.2371219993682,44.9591559996299],[-93.237097999977,44.9591480005156],[-93.236213999347,44.9591519994372],[-93.2346340002044,44.9591559996299],[-93.2330319995241,44.9591599998223],[-93.2318680003081,44.9591649999035],[-93.2314449989122,44.9591670003172],[-93.229858000097,44.9591709992375],[-93.2282939999495,44.9591779997311],[-93.2282639998124,44.9591779997311],[-93.2282589997895,44.9595219992341],[-93.2282370000482,44.9609849998724],[-93.2282169999568,44.9623060002557],[-93.2282099993858,44.9627719999748],[-93.2281800001468,44.9627719999749],[-93.2281949993171,44.9639629999063],[-93.2299039992294,44.9639659993226],[-93.2325819992623,44.9639739996719],[-93.23300300011,44.964153999929],[-93.2331739998143,44.964227000056],[-93.2333930000974,44.9642259996195],[-93.23567600012,44.9642190003774],[-93.2361639991184,44.9642170001398],[-93.2363109994315,44.9642170001398],[-93.2370869992082,44.9642239993821],[-93.2392349995116,44.964230000094],[-93.2406309994294,44.9642339999326],[-93.2408489998875,44.964235000369],[-93.2411359999428,44.9642360001696],[-93.2416569994514,44.9642319996955],[-93.2421779998581,44.9642509997204],[-93.2423959994181,44.964269999739],[-93.2426930004173,44.9642930002213],[-93.2432059995301,44.9643569994423],[-93.2437119989701,44.9644489999059],[-93.2439930000756,44.9645119991571],[-93.2442099998107,44.9645600001443],[-93.2441770001986,44.9646190000977],[-93.2441469991633,44.964720999971],[-93.2440950001829,44.9649010004266],[-93.2440719997183,44.9651150000215],[-93.2440819988657,44.9652539992564],[-93.2440869997871,44.9653319994341],[-93.244086999787,44.966305000486],[-93.2440849992389,44.9666439997761],[-93.2440779995662,44.9677640001675],[-93.2440709998935,44.9688919999628],[-93.2442340001001,44.9689619993543],[-93.2445169999573,44.9690830000985],[-93.24566299963,44.9695750000907],[-93.2456669998279,44.9697719999908],[-93.2456669998279,44.9700199998191],[-93.2456590003304,44.971157000034],[-93.2456969999652,44.9717369996517],[-93.2457299995772,44.9718959997015],[-93.2457429990975,44.9719929997473],[-93.2457749997829,44.9720999994436],[-93.2457629991891,44.9722880000837],[-93.2457970004225,44.972665999458],[-93.2458669998444,44.9734439993441],[-93.2458869999358,44.9742159998126],[-93.2458599992734,44.9747630002008],[-93.2458179994407,44.9751150003704],[-93.24576999976,44.9753569997898],[-93.2457009992648,44.9755549997683],[-93.2457909996765,44.9755539995294],[-93.2457809996308,44.9756159996913],[-93.2456569997822,44.9762320005283],[-93.2456359998657,44.9768460000344],[-93.2456359998658,44.9768789995392],[-93.2456879997442,44.9768789995392],[-93.2457570002397,44.9768779993234],[-93.2461939991842,44.9768679997063],[-93.24613199926,44.9769659998178],[-93.2460329995258,44.9771389997678],[-93.2458919999589,44.9773679993911],[-93.2458239992885,44.9775089998448],[-93.2457509994933,44.977702999848],[-93.245546999279,44.9783989998174],[-93.2454079993618,44.9788509997062],[-93.2453899989202,44.9788879994156],[-93.2451779992081,44.9794690004458],[-93.2446240000873,44.98048699987],[-93.2445909995773,44.9805629993629],[-93.2445549995923,44.9806419998409],[-93.2444789994241,44.9808120003315],[-93.2442650000622,44.9812590001995],[-93.2440639993225,44.9816130001551],[-93.2438319995189,44.9819619998312],[-93.2437769992674,44.9820359996589],[-93.2435799996239,44.9822970001347],[-93.2433269999038,44.9826270004449],[-93.2429779999244,44.9830829998386],[-93.2428169993675,44.9832919996988],[-93.2426139998763,44.9835430004514],[-93.2419460000546,44.9843679997493],[-93.2411929998441,44.9852970001568],[-93.2409629996904,44.9855620000219],[-93.2406990000998,44.9858149998506],[-93.2404139996943,44.9860510001583],[-93.2400549996692,44.9862920003878],[-93.2396819994002,44.9865199996222],[-93.239287999215,44.9867309997471],[-93.2389399999588,44.9869219995577],[-93.2385809999336,44.9871239997759],[-93.2378310000962,44.9875479999445],[-93.2373299997807,44.9879029998462],[-93.2372899995978,44.9879339992946],[-93.2370779998855,44.987816999669],[-93.2368970001356,44.9877180002881],[-93.2367180000354,44.9876200001291],[-93.2361740000623,44.9881389998169],[-93.2360719999551,44.9880469998684],[-93.2359100004716,44.9879769996292],[-93.2357320001964,44.9879229996767],[-93.2355759996626,44.9878910001985],[-93.2353759996459,44.9878700003327],[-93.2345899998236,44.987840999628],[-93.2333150002796,44.9878379995543],[-93.2320399998373,44.9878359995051]]]},"properties":{"OBJECTID":2,"BDNUM":"2","Shape__Area":10107620.915131569,"Shape__Length":16410.139886175231}},{"type":"Feature","id":3,"geometry":{"type":"Polygon","coordinates":[[[-93.2688719990746,45.0050409994565],[-93.2676699993254,45.0050389993724],[-93.2676699993256,45.0052989995506],[-93.2676089992262,45.0052989995507],[-93.2661129997491,45.0052989995506],[-93.264587000135,45.0052949994005],[-93.2641309991271,45.0052919996053],[-93.263895000024,45.00528999953],[-93.2631319997676,45.0052839999389],[-93.2630690000185,45.0052870003696],[-93.2630059993708,45.0052830002186],[-93.2615659999706,45.0052799997877],[-93.2615589993995,45.0052529997126],[-93.2611109996858,45.0052519993566],[-93.2602460002207,45.0052490001943],[-93.258903998933,45.0052450000406],[-93.2575530001192,45.0052409998868],[-93.2575530001192,45.0030709997001],[-93.2575449997233,45.0023190001968],[-93.2575379991523,45.0008960002722],[-93.2575299996547,44.9987109999631],[-93.2562640003316,44.9987109999631],[-93.2549970002851,44.998714000103],[-93.2544769997031,44.9987130002681],[-93.25375199998,44.9987130002681],[-93.2524489990504,44.9987109999631],[-93.2512589989968,44.9987069999882],[-93.2511750002296,44.9987109999631],[-93.249908000183,44.9987109999631],[-93.2498629999772,44.9987109999632],[-93.2487220003276,44.998714000103],[-93.2486570000303,44.9987140001029],[-93.2475459996195,44.9987109999631],[-93.2474579997559,44.9987109999631],[-93.2474140002733,44.998714000103],[-93.2472479996937,44.998714000103],[-93.2461239997624,44.9987140001029],[-93.2448429994723,44.9987140001029],[-93.2422709997446,44.998711999798],[-93.2409819990586,44.9987140001029],[-93.2397080002379,44.998711999798],[-93.2391359997774,44.9987109999631],[-93.2384189995519,44.9987109999631],[-93.2381589992608,44.9987109999631],[-93.238197999619,44.9986049995802],[-93.2382549995203,44.9984479995876],[-93.2382809994595,44.9983779999822],[-93.2383109995969,44.9982719996185],[-93.2383959999857,44.9980399994685],[-93.2384179997269,44.9979779994172],[-93.2385399999256,44.997538999809],[-93.2386349994617,44.9970959999263],[-93.238661999226,44.996931999914],[-93.2386989999342,44.9966029998803],[-93.2387199989525,44.9960459994078],[-93.2386920002617,44.9954849996737],[-93.2385950001772,44.9949769993388],[-93.2385089990652,44.9945610000226],[-93.2383759998942,44.9941520002644],[-93.2382569991702,44.9938449996619],[-93.2381039999077,44.9935430002167],[-93.2379149997617,44.9932540001789],[-93.2376919992806,44.9929749999402],[-93.2374429997586,44.9927129992239],[-93.2371969997113,44.9924079996965],[-93.2370079995655,44.9921939996591],[-93.2368469990086,44.991968999981],[-93.2367929994803,44.991875999873],[-93.2367139998375,44.9917369997239],[-93.2366179995781,44.9914940002304],[-93.2363549998125,44.9914919996734],[-93.2358629997177,44.9914889997908],[-93.2358629997177,44.9911359997975],[-93.2358629997176,44.989669999471],[-93.2358349992302,44.9892930003693],[-93.2358349992303,44.9890390000045],[-93.2358619998928,44.9888180000419],[-93.2358719990403,44.9887269999217],[-93.2358989997027,44.9886239995277],[-93.235952999231,44.9884519999374],[-93.2361740000623,44.9881389998169],[-93.2367180000354,44.9876200001291],[-93.2368970001356,44.9877180002881],[-93.2370779998855,44.987816999669],[-93.2372899995978,44.9879339992946],[-93.2373299997807,44.9879029998462],[-93.2378310000962,44.9875479999445],[-93.2385809999336,44.9871239997759],[-93.2389399999588,44.9869219995577],[-93.239287999215,44.9867309997471],[-93.2396819994002,44.9865199996222],[-93.2400549996692,44.9862920003878],[-93.2404139996943,44.9860510001583],[-93.2406990000998,44.9858149998506],[-93.2409629996904,44.9855620000219],[-93.2411929998441,44.9852970001568],[-93.2419460000546,44.9843679997493],[-93.2426139998763,44.9835430004514],[-93.2428169993675,44.9832919996988],[-93.2429779999244,44.9830829998386],[-93.2433269999038,44.9826270004449],[-93.2435799996239,44.9822970001347],[-93.2437769992674,44.9820359996589],[-93.2438319995189,44.9819619998312],[-93.2440639993225,44.9816130001551],[-93.2442650000622,44.9812590001995],[-93.2444789994241,44.9808120003315],[-93.2445549995923,44.9806419998409],[-93.2445909995773,44.9805629993629],[-93.2446240000873,44.98048699987],[-93.2451779992081,44.9794690004458],[-93.2453899989202,44.9788879994156],[-93.2454079993618,44.9788509997062],[-93.245546999279,44.9783989998174],[-93.2457509994933,44.977702999848],[-93.2458239992885,44.9775089998448],[-93.2458919999589,44.9773679993911],[-93.2460329995258,44.9771389997678],[-93.24613199926,44.9769659998178],[-93.2461939991842,44.9768679997063],[-93.2463129999083,44.9766689995938],[-93.2464020004951,44.9765479996028],[-93.2465580001306,44.9763559999544],[-93.2467470002766,44.9761599993855],[-93.2471119992511,44.9758210004156],[-93.2483339990917,44.9749939996423],[-93.2487210005028,44.974723000247],[-93.2497019994205,44.9739280004614],[-93.2499149989575,44.9737540000862],[-93.2499879996507,44.9736949999961],[-93.2502179998046,44.9734649994104],[-93.2505709999819,44.9731019999966],[-93.2508929992989,44.9727279995648],[-93.2509119995656,44.9727059995756],[-93.2513479995835,44.9722330003084],[-93.2513879997666,44.9721859996844],[-93.2514659995844,44.9721019994064],[-93.2515559990978,44.9719990002819],[-93.251844999701,44.9716549999653],[-93.2522379991632,44.9711919996294],[-93.2525440003833,44.970815999445],[-93.252603998861,44.9707249999832],[-93.2527069996916,44.9705840000081],[-93.2527659992428,44.9705059999811],[-93.2528039997758,44.9704480000552],[-93.2529159990305,44.970255999685],[-93.2529340003705,44.9702240005141],[-93.2530009994194,44.9700840002773],[-93.2530439999755,44.9699969997264],[-93.2531009998767,44.9700329997292],[-93.2532169993294,44.970101000238],[-93.2533649994675,44.9701889996925],[-93.2537629998506,44.9703750002186],[-93.2550509998134,44.9709549994825],[-93.2564059997234,44.9715289999243],[-93.2572760001098,44.9718970000042],[-93.2577739991539,44.9721069996306],[-93.2591320003352,44.9726790000394],[-93.2604899997199,44.9732480002611],[-93.2618639998963,44.9738199994579],[-93.2610599996323,44.9747769999239],[-93.2624289997858,44.9753499999995],[-93.26238399958,44.9754039997214],[-93.2616179998491,44.9763109993481],[-93.2610780000739,44.9769519999937],[-93.2608029997141,44.9772679995487],[-93.2621689994948,44.9778519991626],[-93.263524000303,44.9784289997686],[-93.2648929995584,44.9790120000881],[-93.26626799956,44.9795980000685],[-93.2676469997593,44.9801860000948],[-93.2690200001108,44.9807819997209],[-93.2702329997307,44.9812969997645],[-93.2714109991903,44.9821010001758],[-93.2725059997076,44.9829360003591],[-93.2737049990835,44.9820709996043],[-93.2748569995021,44.9812439993777],[-93.2750640000897,44.9813930002926],[-93.2753269998556,44.9815809996961],[-93.2754219993917,44.9816480003587],[-93.2755739997277,44.9817569994578],[-93.2759779999588,44.9820439993942],[-93.2766039999476,44.9815979994259],[-93.2770839994483,44.9813500001024],[-93.2771670001874,44.9813099996601],[-93.2773899997701,44.9812010003465],[-93.2777099994372,44.98107099974],[-93.2780459998963,44.9809569998845],[-93.2786479995957,44.9807550001747],[-93.2789119991861,44.9809749993082],[-93.279401999631,44.9813839996939],[-93.2795769995333,44.9815289997064],[-93.2796879998613,44.9816159992838],[-93.2794159998747,44.981802000238],[-93.2787139997179,44.9822819995845],[-93.2784829997393,44.9824389993881],[-93.2774579995422,44.9831049996591],[-93.2764139999768,44.9838480001349],[-93.2772709999444,44.9843079996924],[-93.2770780004988,44.9844259995752],[-93.2768950002008,44.9845409996042],[-93.277285000188,44.9846869999717],[-93.2781830001636,44.9852449997254],[-93.2782040000799,44.9852709996293],[-93.278953999019,44.9858020003411],[-93.2812579998564,44.9874559996829],[-93.2818979991906,44.9879149994911],[-93.2828749997072,44.988696999641],[-93.2823109996425,44.9890899995327],[-93.2818029996545,44.9894440000528],[-93.2812649995291,44.9898200000772],[-93.2805949991593,44.9902869998702],[-93.2794189993493,44.9911080000776],[-93.2796250001122,44.9914970001128],[-93.2798159999078,44.9919049998067],[-93.2798179995576,44.9919949993762],[-93.2788450001374,44.9920030002629],[-93.2786609991161,44.9920040002148],[-93.2782059997298,44.9920080000224],[-93.2779459994388,44.9920099992908],[-93.2775099994206,44.9920129997814],[-93.2763750005171,44.9920200000786],[-93.2757660002467,44.9922089995215],[-93.2754900000622,44.9922940001501],[-93.2751919992378,44.9923859996345],[-93.2743860002223,44.9926349994389],[-93.2736449997074,44.9928640000618],[-93.2756779994848,44.9963649994353],[-93.2757679998964,44.9965199996719],[-93.2754309996125,44.9989879999301],[-93.27507899926,45.0007739995291],[-93.2747229996079,45.0025590002188],[-93.2744239998571,45.0044100002803],[-93.2744249996821,45.0057649998877],[-93.2744359995528,45.0059429997574],[-93.2738629992672,45.0059799997642],[-93.2736689990984,45.0059919994353],[-93.2727529995797,45.0060290000457],[-93.2716599996105,45.0060500002442],[-93.2700809993946,45.0060539997065],[-93.268859999379,45.0060539997065],[-93.2688679997749,45.0053440002678],[-93.2688719990746,45.0050409994565]]]},"properties":{"OBJECTID":3,"BDNUM":"3","Shape__Area":8269714.2621164322,"Shape__Length":14371.241326546973}},{"type":"Feature","id":4,"geometry":{"type":"Polygon","coordinates":[[[-93.3194959990574,45.0512500001492],[-93.3182299997341,45.0512470002229],[-93.3169629996876,45.0512470002229],[-93.3167649993209,45.0512470002229],[-93.3156739990017,45.0512429994747],[-93.3144229997473,45.0512389993608],[-93.3141869997455,45.0512389993609],[-93.3131639991985,45.0512389993608],[-93.3119050004463,45.051235000516],[-93.3106459998973,45.0512350005161],[-93.3093799996759,45.051235000516],[-93.3080749999948,45.0512199996096],[-93.3068789991951,45.0512060001563],[-93.3068160003442,45.0512079998971],[-93.3067529996967,45.0512039997808],[-93.3056050003743,45.0511940004408],[-93.3055419997269,45.0511969997354],[-93.3054789999777,45.051192000065],[-93.3043059996426,45.0511819994536],[-93.3042599996118,45.0511819994536],[-93.3030169989566,45.0511699997331],[-93.3029679994511,45.0511690001793],[-93.3028949996562,45.0511669998025],[-93.3017119992753,45.0511550000789],[-93.3005160002723,45.0511469998386],[-93.3004529996248,45.0511439999069],[-93.3003899998757,45.0511459996498],[-93.299193999076,45.0511360002997],[-93.2979200002553,45.0511360002997],[-93.2966380001403,45.0511320001784],[-93.2953639995228,45.0511320001784],[-93.2953339993857,45.0511320001785],[-93.2940899998038,45.0511280000568],[-93.2940519992706,45.0511280000568],[-93.2928089995137,45.0511280000569],[-93.291527000297,45.0511280000568],[-93.2902449992837,45.0511280000568],[-93.2889630000671,45.0511280000568],[-93.2876819997768,45.0511249994895],[-93.2864000005601,45.0511249994894],[-93.2858709997572,45.0511249994895],[-93.2853129995405,45.0511249994895],[-93.2849839996526,45.0511249994895],[-93.284386000151,45.0511229997457],[-93.2835240001606,45.0511209993674],[-93.2830949998153,45.0511560002675],[-93.2822260001519,45.0511650000603],[-93.2814539996751,45.0472179996834],[-93.2814499994771,45.0471989992312],[-93.2814450003526,45.0471730001386],[-93.280825999138,45.043564999892],[-93.2821259996946,45.0396649999525],[-93.2834259993531,45.0353649997543],[-93.2832149994657,45.0334519992569],[-93.282955999898,45.0329410001582],[-93.2826959996071,45.0324270000275],[-93.2821919998169,45.0307509999564],[-93.2814679990204,45.0293120001692],[-93.2811839993384,45.0287619999027],[-93.2800249992469,45.0271759999842],[-93.2786289993291,45.0249820000999],[-93.2781460003537,45.0238440000597],[-93.2779310002686,45.0229599993265],[-93.277465999938,45.0219279996953],[-93.2771320000272,45.0202969999245],[-93.2766030001227,45.0177110003908],[-93.2758929995699,45.0159110000157],[-93.2750729994122,45.0147400001027],[-93.2748890001876,45.013125999969],[-93.2759099992883,45.0131060000432],[-93.2762219994579,45.0131000000006],[-93.2777959996509,45.013103000022],[-93.2778319996359,45.0131149994709],[-93.2787249995886,45.0131149994709],[-93.2788130003504,45.0131149994709],[-93.2806850004693,45.0131149994709],[-93.28078499913,45.0131149994709],[-93.2818369990914,45.0131129996687],[-93.2819209996553,45.0131129996687],[-93.2823879996356,45.0131149994709],[-93.2827589993562,45.0131149994709],[-93.2833559999312,45.0131149994709],[-93.2834470001677,45.0131109992315],[-93.2848890001163,45.0131109992315],[-93.2849660001093,45.0131109992315],[-93.2864229992282,45.0131109992315],[-93.2864909998983,45.0131109992315],[-93.28800999984,45.0131109992315],[-93.2892760000613,45.01311899971],[-93.2898099999888,45.0131229999488],[-93.2905349997119,45.013125999969],[-93.2916260000313,45.0131299995723],[-93.2917859998647,45.0131339998104],[-93.2930599995839,45.0131410000675],[-93.2943119995617,45.0131489992717],[-93.2951869999709,45.0131539997264],[-93.2955629997146,45.0131569997449],[-93.2962969996584,45.0131590001806],[-93.2968440000046,45.013160999981],[-93.2980839993887,45.0131719998353],[-93.2981110000511,45.013168000235],[-93.2993620002038,45.0131760000704],[-93.2993849997701,45.0131799996702],[-93.3006359999231,45.0131850001221],[-93.301918000038,45.0131949997546],[-93.3031850000844,45.0132030002213],[-93.3044429990115,45.0132139994324],[-93.3057019995604,45.0132219998965],[-93.3069759992795,45.0132329997391],[-93.3082349998283,45.0132410002005],[-93.3095090004457,45.0132450004308],[-93.3095050002477,45.0114389998088],[-93.3095019998748,45.0096360002327],[-93.3094939994788,45.0078299994914],[-93.309485999981,45.0060269999961],[-93.3115659996143,45.00603099946],[-93.3120569998838,45.0060309994601],[-93.3133089998617,45.00603099946],[-93.3145979996493,45.0060349995587],[-93.315894999833,45.0060349995588],[-93.3159179993991,45.0060349995588],[-93.3166580000893,45.0060349995588],[-93.3185199992641,45.0060420000485],[-93.3185199992641,45.0078390003833],[-93.3185199992641,45.0096469994938],[-93.3185169997894,45.0102049994796],[-93.3185140003146,45.0114909993366],[-93.3185140003146,45.0115769995513],[-93.3185129995914,45.0117050003407],[-93.318499000246,45.0128689997877],[-93.3184940002231,45.0132460000121],[-93.3184919996749,45.0133770002536],[-93.3184919996751,45.0134269995008],[-93.3184909998499,45.0134889999801],[-93.3184740001316,45.0137710000223],[-93.3184359995984,45.014251999829],[-93.3184359995985,45.0150679999487],[-93.3184279992026,45.0168649996924],[-93.3184359995985,45.0186770001127],[-93.3184359995984,45.0204730001712],[-93.3184809989059,45.0222819998966],[-93.3185269998352,45.0240939996887],[-93.3185729998658,45.0259059992718],[-93.3186189989982,45.0277179992755],[-93.3186649999273,45.0295329994896],[-93.3187029995622,45.0313420005224],[-93.318747999768,45.0333979996287],[-93.3187939989005,45.0354580003649],[-93.3191669991695,45.035450999662],[-93.3194189990644,45.035450999662],[-93.3194199997877,45.0354609992147],[-93.3194269994603,45.0364429998539],[-93.3194349998563,45.0366059999312],[-93.3194269994603,45.0367089997639],[-93.3193739997569,45.0368079995579],[-93.3192900000914,45.0368960000774],[-93.3192239990709,45.0369380000468],[-93.3192399998627,45.0373539994993],[-93.3192519995582,45.0376659994845],[-93.3192750000227,45.0385560002752],[-93.3193039994367,45.0401289998121],[-93.3193049992616,45.0401799995644],[-93.3193150002056,45.0404189998766],[-93.3194149997649,45.0404209999944],[-93.319958999738,45.0404239998538],[-93.3210709999737,45.040432999431],[-93.3213319991911,45.0404339998071],[-93.3231269993173,45.0404470002515],[-93.3232329996225,45.0404479999926],[-93.3232079995081,45.0405770000898],[-93.3231380000862,45.0410009995019],[-93.323112000147,45.0411539994644],[-93.3229699998568,45.0420070003977],[-93.32295299924,45.0421070002583],[-93.3226059998086,45.0426439999166],[-93.3203049993442,45.0420999997343],[-93.3201859995186,45.0420719995336],[-93.3194330002065,45.0419019998798],[-93.3194330002066,45.0420219999119],[-93.3194330002066,45.0421699998587],[-93.3194340000315,45.0424229998118],[-93.3194349998563,45.043967999761],[-93.3194349998563,45.0440129999229],[-93.3194199997878,45.0457880001497],[-93.3194429993539,45.0475959999208],[-93.3194730003894,45.0494309998667],[-93.3194959990574,45.0512500001492]]]},"properties":{"OBJECTID":4,"BDNUM":"4","Shape__Area":13517436.165913582,"Shape__Length":17289.516939455352}},{"type":"Feature","id":5,"geometry":{"type":"Polygon","coordinates":[[[-93.2993620002038,45.0131760000704],[-93.2981110000511,45.013168000235],[-93.2980839993887,45.0131719998353],[-93.2968440000046,45.013160999981],[-93.2962969996584,45.0131590001806],[-93.2955629997146,45.0131569997449],[-93.2951869999709,45.0131539997264],[-93.2943119995617,45.0131489992717],[-93.2930599995839,45.0131410000675],[-93.2917859998647,45.0131339998104],[-93.2916260000313,45.0131299995723],[-93.2905349997119,45.013125999969],[-93.2898099999888,45.0131229999488],[-93.2892760000613,45.01311899971],[-93.28800999984,45.0131109992315],[-93.2864909998983,45.0131109992315],[-93.2864229992282,45.0131109992315],[-93.2849660001093,45.0131109992315],[-93.2848890001163,45.0131109992315],[-93.2834470001677,45.0131109992315],[-93.2833559999312,45.0131149994709],[-93.2827589993562,45.0131149994709],[-93.2823879996356,45.0131149994709],[-93.2819209996553,45.0131129996687],[-93.2818369990914,45.0131129996687],[-93.28078499913,45.0131149994709],[-93.2806850004693,45.0131149994709],[-93.2788130003504,45.0131149994709],[-93.2787249995886,45.0131149994709],[-93.2778319996359,45.0131149994709],[-93.2777959996509,45.013103000022],[-93.2762219994579,45.0131000000006],[-93.2759099992883,45.0131060000432],[-93.2748890001876,45.013125999969],[-93.2744359995528,45.0059429997574],[-93.2744249996821,45.0057649998877],[-93.2744239998571,45.0044100002803],[-93.2747229996079,45.0025590002188],[-93.27507899926,45.0007739995291],[-93.2754309996125,44.9989879999301],[-93.2757679998964,44.9965199996719],[-93.2756779994848,44.9963649994353],[-93.2736449997074,44.9928640000618],[-93.2743860002223,44.9926349994389],[-93.2751919992378,44.9923859996345],[-93.2754900000622,44.9922940001501],[-93.2757660002467,44.9922089995215],[-93.2763750005171,44.9920200000786],[-93.2775099994206,44.9920129997814],[-93.2779459994388,44.9920099992908],[-93.2782059997298,44.9920080000224],[-93.2786609991161,44.9920040002148],[-93.2788450001374,44.9920030002629],[-93.2798179995576,44.9919949993762],[-93.2798159999078,44.9919049998067],[-93.2796250001122,44.9914970001128],[-93.2794189993493,44.9911080000776],[-93.2805949991593,44.9902869998702],[-93.2812649995291,44.9898200000772],[-93.2818029996545,44.9894440000528],[-93.2823109996425,44.9890899995327],[-93.2828749997072,44.988696999641],[-93.2818979991906,44.9879149994911],[-93.2812579998564,44.9874559996829],[-93.278953999019,44.9858020003411],[-93.2782040000799,44.9852709996293],[-93.2781830001636,44.9852449997254],[-93.277285000188,44.9846869999717],[-93.2768950002008,44.9845409996042],[-93.2770780004988,44.9844259995752],[-93.2772709999444,44.9843079996924],[-93.2764139999768,44.9838480001349],[-93.2774579995422,44.9831049996591],[-93.2784829997393,44.9824389993881],[-93.2787139997179,44.9822819995845],[-93.2794159998747,44.981802000238],[-93.2796879998613,44.9816159992838],[-93.2795769995333,44.9815289997064],[-93.279401999631,44.9813839996939],[-93.2789119991861,44.9809749993082],[-93.2786479995957,44.9807550001747],[-93.2787699997943,44.9807209995747],[-93.2795059993882,44.9802309995663],[-93.2796029994725,44.9801429996347],[-93.2797419993897,44.9800289998403],[-93.2802140002911,44.9796430000015],[-93.280748999145,44.9792029995641],[-93.2808929999834,44.9791039999218],[-93.2809959999157,44.9790590002012],[-93.2810899996269,44.9790259994092],[-93.2812589996813,44.9789889997888],[-93.2815329993178,44.9789300000014],[-93.2815790002468,44.9778969998305],[-93.2816079996608,44.9769779998458],[-93.2815239999952,44.9768769997431],[-93.2813509997429,44.9764779999379],[-93.2815790002469,44.9762080001574],[-93.2816829991056,44.9761039999169],[-93.2817879995858,44.9760239999458],[-93.2819080001348,44.9759370001444],[-93.2820849996869,44.9758149996455],[-93.2822939999242,44.975709999727],[-93.2824789998721,44.9756299998416],[-93.2827199998965,44.9755579998494],[-93.2830729991757,44.9754850001621],[-93.2834259993531,44.9754290000344],[-93.2842539999066,44.9753809998814],[-93.2855829989789,44.9752930001319],[-93.2857619990791,44.975278999264],[-93.2859510001233,44.9752639994195],[-93.2861970001707,44.9752469997181],[-93.2865409992289,44.9752019995125],[-93.2873389996451,44.975156999907],[-93.2875589997532,44.9751500000923],[-93.2878340001128,44.9751180004745],[-93.2880490001981,44.9750910001676],[-93.2880370005024,44.9754569997874],[-93.2880370005024,44.9757099997269],[-93.2880370005025,44.9758229996132],[-93.2880380003274,44.9760560003289],[-93.2880729995892,44.9772200002996],[-93.2880709999392,44.977359000067],[-93.2880729995891,44.977655999259],[-93.2893089996734,44.9772469996042],[-93.2898939996543,44.9770549997544],[-93.290092999846,44.9770510001743],[-93.2917939993623,44.9770810001954],[-93.2937009996414,44.9770739993446],[-93.2955209998817,44.9770810001953],[-93.2960179991008,44.9770829999844],[-93.2972889993453,44.9770889999865],[-93.2975799995984,44.9770660001868],[-93.2981949997166,44.9768460000345],[-93.298295000174,44.9768099998598],[-93.2991019999128,44.9765059991786],[-93.2994489993442,44.9763889997411],[-93.2994719998088,44.9763809998524],[-93.2997999989734,44.9762909992791],[-93.3005719994506,44.9761050001462],[-93.3008169996729,44.9760629993976],[-93.3010169996893,44.9760470001633],[-93.3011679993021,44.9760449997028],[-93.3013209994632,44.9760489999885],[-93.3018800004031,44.9760850000054],[-93.3021839992785,44.9761140003027],[-93.3023809998203,44.9761470002287],[-93.3025709997912,44.9761949997405],[-93.3027580002872,44.9762500001644],[-93.3034009999945,44.9764669993927],[-93.303717000362,44.9765669993609],[-93.3038679999747,44.9766109995459],[-93.3040129997397,44.9766410004326],[-93.3041640002506,44.9766499998694],[-93.3043679995668,44.9766439998214],[-93.3046720002388,44.9766269998937],[-93.3048239996763,44.9766220000635],[-93.3050899998152,44.9766279994784],[-93.3052779992378,44.9766710000327],[-93.3053879997411,44.9767799996971],[-93.3054489998406,44.9768809999707],[-93.3054890000235,44.976965000239],[-93.3055669998413,44.9771279999849],[-93.3055709991409,44.9771459999752],[-93.3055939996054,44.9772389998351],[-93.3056799998191,44.9773220000064],[-93.3058430000257,44.9774110000259],[-93.3059760000952,44.9774659999189],[-93.306118999312,44.9775049996608],[-93.3062689999982,44.977525999511],[-93.3064199996108,44.9775350000798],[-93.3067769999862,44.9775350000798],[-93.3069290003222,44.9775389996262],[-93.3070789992117,44.9775519997383],[-93.3072790001266,44.9775760001821],[-93.3075279996486,44.9776140002818],[-93.3079219998339,44.9776839998308],[-93.3083429997833,44.9777729992885],[-93.308601999351,44.9778280001052],[-93.3087429998164,44.9778509995993],[-93.3090879995979,44.9779060003411],[-93.3095069998976,44.9778329991948],[-93.3096149998525,44.9778139992207],[-93.3102869998722,44.9778349995931],[-93.3108889995718,44.977917999537],[-93.3110069995725,44.9779349997174],[-93.3116319997365,44.9782279996053],[-93.3123370002663,44.978441999679],[-93.3128410000566,44.97867499992],[-93.3130760002332,44.9788519998875],[-93.3131730003176,44.9789590001307],[-93.3133459996716,44.9790790005756],[-93.3135099997031,44.9791629995303],[-93.3136289995288,44.9793359998416],[-93.3137889993624,44.9796180002548],[-93.3139189990587,44.9799039999334],[-93.3143459988559,44.9807360005334],[-93.3145950001745,44.980736999411],[-93.3159559999323,44.9807399998564],[-93.3160249995294,44.9807419995178],[-93.3172379991492,44.9807429996662],[-93.3185039993704,44.9807469996242],[-93.3184689992105,44.9817369993822],[-93.3184679993855,44.9831160002016],[-93.3184689992104,44.9839359994627],[-93.3184679993855,44.9840510004748],[-93.3184689992106,44.9844499996832],[-93.3184689992104,44.9845109996741],[-93.3184679993856,44.98487899968],[-93.3184679993856,44.9849399998499],[-93.3184689992104,44.9851849993156],[-93.3184679993856,44.9855340001204],[-93.3184679993855,44.9866990002388],[-93.3184679993855,44.9869069995822],[-93.3184679993855,44.9869650000161],[-93.3184669995607,44.9875390003121],[-93.3184669995607,44.9876559998699],[-93.3184809989059,44.987949000272],[-93.3184809989061,44.989749999462],[-93.3184669995606,44.9900939998661],[-93.3184659997357,44.9913189998314],[-93.3184669995607,44.9915580002284],[-93.3184649990125,44.9934149995004],[-93.3184659997356,44.9952509998838],[-93.3184659997358,44.9954330002265],[-93.3184659997357,44.997046999627],[-93.3184659997357,44.9979399994756],[-93.3184590000631,44.9988559993423],[-93.3184590000629,44.9989059998317],[-93.3184479992939,45.0006369996032],[-93.3184459996442,45.0010409998387],[-93.3185300002082,45.0014309995678],[-93.3185649994698,45.0015840005052],[-93.31859999963,45.0017409995271],[-93.3185659992949,45.001764999372],[-93.3185339995078,45.0018249995756],[-93.318526999835,45.0026509997383],[-93.3185269998351,45.0045549998454],[-93.318519999264,45.0056000002032],[-93.3185199992641,45.0060420000485],[-93.3166580000893,45.0060349995588],[-93.3159179993991,45.0060349995588],[-93.315894999833,45.0060349995588],[-93.3145979996493,45.0060349995587],[-93.3133089998617,45.00603099946],[-93.3120569998838,45.0060309994601],[-93.3115659996143,45.00603099946],[-93.309485999981,45.0060269999961],[-93.3094939994788,45.0078299994914],[-93.3095019998748,45.0096360002327],[-93.3095050002477,45.0114389998088],[-93.3095090004457,45.0132450004308],[-93.3082349998283,45.0132410002005],[-93.3069759992795,45.0132329997391],[-93.3057019995604,45.0132219998965],[-93.3044429990115,45.0132139994324],[-93.3031850000844,45.0132030002213],[-93.301918000038,45.0131949997546],[-93.3006359999231,45.0131850001221],[-93.2993849997701,45.0131799996702],[-93.2993620002038,45.0131760000704]]]},"properties":{"OBJECTID":5,"BDNUM":"5","Shape__Area":12498617.001615047,"Shape__Length":15743.551257679339}},{"type":"Feature","id":6,"geometry":{"type":"Polygon","coordinates":[[[-93.2457809996308,44.9756159996913],[-93.2457909996765,44.9755539995294],[-93.2457009992648,44.9755549997683],[-93.24576999976,44.9753569997898],[-93.2458179994407,44.9751150003704],[-93.2458599992734,44.9747630002008],[-93.2458869999358,44.9742159998126],[-93.2458669998444,44.9734439993441],[-93.2457970004225,44.972665999458],[-93.2457629991891,44.9722880000837],[-93.2457749997829,44.9720999994436],[-93.2457429990975,44.9719929997473],[-93.2457299995772,44.9718959997015],[-93.2456969999652,44.9717369996517],[-93.2456590003304,44.971157000034],[-93.2456669998279,44.9700199998191],[-93.2456669998279,44.9697719999908],[-93.24566299963,44.9695750000907],[-93.2445169999573,44.9690830000985],[-93.2442340001001,44.9689619993543],[-93.2440709998935,44.9688919999628],[-93.2440779995662,44.9677640001675],[-93.2440849992389,44.9666439997761],[-93.244086999787,44.966305000486],[-93.2440869997871,44.9653319994341],[-93.2440819988657,44.9652539992564],[-93.2440719997183,44.9651150000215],[-93.2440950001829,44.9649010004266],[-93.2441469991633,44.964720999971],[-93.2441770001986,44.9646190000977],[-93.2442099998107,44.9645600001443],[-93.2439930000756,44.9645119991571],[-93.2437119989701,44.9644489999059],[-93.2432059995301,44.9643569994423],[-93.2426930004173,44.9642930002213],[-93.2423959994181,44.964269999739],[-93.2421779998581,44.9642509997204],[-93.2416569994514,44.9642319996955],[-93.2411359999428,44.9642360001696],[-93.2408489998875,44.964235000369],[-93.2406309994294,44.9642339999326],[-93.2392349995116,44.964230000094],[-93.2370869992082,44.9642239993821],[-93.2363109994315,44.9642170001398],[-93.2361639991184,44.9642170001398],[-93.23567600012,44.9642190003774],[-93.2333930000974,44.9642259996195],[-93.2331739998143,44.964227000056],[-93.23300300011,44.964153999929],[-93.2325819992623,44.9639739996719],[-93.2299039992294,44.9639659993226],[-93.2281949993171,44.9639629999063],[-93.2281800001468,44.9627719999749],[-93.2282099993858,44.9627719999748],[-93.2282169999568,44.9623060002557],[-93.2282370000482,44.9609849998724],[-93.2282589997895,44.9595219992341],[-93.2282639998124,44.9591779997311],[-93.2282939999495,44.9591779997311],[-93.229858000097,44.9591709992375],[-93.2314449989122,44.9591670003172],[-93.2318680003081,44.9591649999035],[-93.2330319995241,44.9591599998223],[-93.2346340002044,44.9591559996299],[-93.236213999347,44.9591519994372],[-93.237097999977,44.9591480005156],[-93.2371219993682,44.9591559996299],[-93.2376999996764,44.9591549997407],[-93.2377549999282,44.9591559996299],[-93.2378190004006,44.9591549997407],[-93.2391679995644,44.9591529993265],[-93.2391919998539,44.9591529993265],[-93.2393569997102,44.9591529993265],[-93.2399259997977,44.959150999548],[-93.2409359999261,44.9591480005156],[-93.241936000009,44.9591480005156],[-93.2419740005421,44.9591450002118],[-93.2437019998227,44.9591460001012],[-93.244707999753,44.9591429997973],[-93.2451320000757,44.9591429997973],[-93.2456889995693,44.9591450002118],[-93.2459470002104,44.9594059993587],[-93.2461769994659,44.9596189992293],[-93.2462440003114,44.9596900002818],[-93.2465249996203,44.959959999641],[-93.2466700002837,44.9600980000518],[-93.2468490003837,44.9599299995631],[-93.2473009993971,44.9603140001388],[-93.2479439991044,44.9609149996453],[-93.2481950000729,44.9609149996453],[-93.2483339990917,44.9609139997868],[-93.2485659997937,44.9609340001331],[-93.2487269994521,44.9609329996392],[-93.2498399995127,44.9609299994287],[-93.2498320000151,44.9591349994099],[-93.2511059997343,44.9591339995202],[-93.2523419998184,44.9591329996307],[-93.2535169998034,44.9591329996307],[-93.2536239999333,44.9591329996306],[-93.2548899992567,44.9591280001823],[-93.2549420000335,44.9591270002926],[-93.2561339988386,44.959129000072],[-93.2561569993031,44.9591260004029],[-93.2574390003164,44.9591220002081],[-93.2574629997075,44.9591290000721],[-93.2581629993161,44.9591260004029],[-93.2587049996395,44.9591290000721],[-93.2596279997294,44.9591260004029],[-93.2599719996861,44.959129000072],[-93.2610699996779,44.9591230000979],[-93.2612459994052,44.9591220002081],[-93.2612689998695,44.9591220002081],[-93.2625579996572,44.9591180000131],[-93.2625549992843,44.9584559998069],[-93.2625499992614,44.9573169997182],[-93.2625660000532,44.9555509997106],[-93.2625810001219,44.9555279995377],[-93.2625889996195,44.9537469993939],[-93.2626109993608,44.9519439995979],[-93.2626270001527,44.9519259999629],[-93.2626499997188,44.9503480000518],[-93.2626499997188,44.9502559992286],[-93.2626719994601,44.9483570000287],[-93.2639549994001,44.9483549998739],[-93.265213000124,44.9483529997191],[-93.2664789994471,44.948352999719],[-93.2665019999117,44.948352999719],[-93.2676979998129,44.948348999409],[-93.2677609995622,44.9483529997191],[-93.267948999883,44.9483529997191],[-93.2690279996084,44.948352999719],[-93.2703089998986,44.948352999719],[-93.271575999945,44.948352999719],[-93.2715989995113,44.9483529997191],[-93.27285800006,44.948352999719],[-93.2741169997105,44.9483570000287],[-93.2741389994519,44.9483529997191],[-93.2746269993485,44.948352999719],[-93.274613999828,44.9488989999963],[-93.2746099996301,44.9490719994105],[-93.2745979999344,44.9492970002279],[-93.2745889997137,44.9494069998403],[-93.2745719999951,44.9495349996323],[-93.2745509991804,44.9496700001569],[-93.2745209999415,44.9497849999529],[-93.2744919996292,44.9498869994963],[-93.2744489990732,44.9500010000803],[-93.2743629997579,44.9501819997171],[-93.2743000000086,44.9503199994852],[-93.2741799994597,44.9505820000299],[-93.2739829998161,44.9509479996476],[-93.2737379995938,44.951287000041],[-93.2734870004219,44.9516200002164],[-93.2733939996373,44.9517249997337],[-93.2731879997729,44.9519389995233],[-93.2730689999473,44.9520830002278],[-93.2727889995646,44.9524239996519],[-93.2716959995957,44.9537479993773],[-93.270485000524,44.9551840002465],[-93.2702100001645,44.9555279995376],[-93.2700229996684,44.9558149991554],[-93.2698190003521,44.9561430000485],[-93.2696539995974,44.9564579992616],[-93.2695789992543,44.9566199995094],[-93.269528999924,44.9567569997583],[-93.2694729989491,44.9569469996876],[-93.2694079995501,44.95732199996],[-93.2693669995422,44.9575870000731],[-93.2693569994964,44.957709999849],[-93.2693439999761,44.9578129998409],[-93.2693439999761,44.9579809995358],[-93.269348000174,44.9581089999116],[-93.2693669995423,44.9582529997546],[-93.2693849999837,44.9583919997239],[-93.2694019997023,44.9585249993198],[-93.2694359991392,44.958708999734],[-93.2694599994287,44.9588199996364],[-93.2694769991471,44.9588839998777],[-93.2695059994594,44.9590060001597],[-93.2695339990485,44.9591159995977],[-93.2695569995131,44.9592030001248],[-93.2695779994295,44.9593059993436],[-93.2696389995289,44.9594459998244],[-93.2696860002827,44.9595730002284],[-93.2697030000012,44.959671999898],[-93.2697299997654,44.9598449998927],[-93.26976999905,44.9600849991613],[-93.26976999905,44.9603309998169],[-93.2697519995067,44.9609079993637],[-93.2696970001534,44.9626919998393],[-93.2699249997591,44.9626919998393],[-93.2701869996998,44.9626919998393],[-93.2714689998149,44.9626919998393],[-93.2727619998006,44.9626960004208],[-93.2733889996144,44.9626940001301],[-93.2740169992531,44.9626919998393],[-93.2752840001978,44.9626960004208],[-93.2765349994524,44.9626919998394],[-93.2765729990873,44.9626919998393],[-93.2778170004657,44.9626960004208],[-93.2778170004656,44.9639659993226],[-93.2778170004657,44.964195000064],[-93.2778170004657,44.9652290002282],[-93.2778170004656,44.9661480003609],[-93.2778170004657,44.9663939998073],[-93.2776649992314,44.9664380001706],[-93.2771619992662,44.9665530000509],[-93.2768030001391,44.9666179996877],[-93.2766529994532,44.9666469996876],[-93.2765189995588,44.9666659995482],[-93.2757839997901,44.9667749991619],[-93.2754570004502,44.9668050001096],[-93.2748019992506,44.9668369999168],[-93.2741599993683,44.9668230001623],[-93.2736509995552,44.9667920001034],[-93.2731389993692,44.9667450001053],[-93.2727369996863,44.9667060000369],[-93.2727030002493,44.9667019997351],[-93.2721679995989,44.966613000256],[-93.2720260002069,44.9665839996033],[-93.271639999519,44.9665009991443],[-93.2710979991957,44.9663749998567],[-93.2703359996629,44.9662080003541],[-93.2700049992268,44.9661430002528],[-93.269937000353,44.9661309992286],[-93.2697559997048,44.9660959997228],[-93.2697559997047,44.9664949999411],[-93.2697759997962,44.9669839999934],[-93.2697519995067,44.9674890000455],[-93.2697459996589,44.9675890004157],[-93.2697249997425,44.9678240003771],[-93.2697209995445,44.9680669997899],[-93.2692599994122,44.96996],[-93.269236000021,44.9700490000057],[-93.2691489999823,44.9702230001823],[-93.2690589995706,44.9703479995851],[-93.268795999805,44.9705809996668],[-93.268466999917,44.970796999688],[-93.2681559995723,44.9709699998186],[-93.2678910001569,44.9711039991716],[-93.2678759991898,44.9711190001041],[-93.2670839995196,44.972044999488],[-93.2670519997325,44.9720839997392],[-93.2669989991308,44.9721439998785],[-93.266227999377,44.9730449998011],[-93.2654120003155,44.9740080001791],[-93.2645989989322,44.9749669992769],[-93.2637889997187,44.9759219992011],[-93.2624289997858,44.9753499999995],[-93.2610599996323,44.9747769999239],[-93.2618639998963,44.9738199994579],[-93.2604899997199,44.9732480002611],[-93.2591320003352,44.9726790000394],[-93.2577739991539,44.9721069996306],[-93.2572760001098,44.9718970000042],[-93.2564059997234,44.9715289999243],[-93.2550509998134,44.9709549994825],[-93.2537629998506,44.9703750002186],[-93.2533649994675,44.9701889996925],[-93.2532169993294,44.970101000238],[-93.2531009998767,44.9700329997292],[-93.2530439999755,44.9699969997264],[-93.2530009994194,44.9700840002773],[-93.2529340003705,44.9702240005141],[-93.2529159990305,44.970255999685],[-93.2528039997758,44.9704480000552],[-93.2527659992428,44.9705059999811],[-93.2527069996916,44.9705840000081],[-93.252603998861,44.9707249999832],[-93.2525440003833,44.970815999445],[-93.2522379991632,44.9711919996294],[-93.251844999701,44.9716549999653],[-93.2515559990978,44.9719990002819],[-93.2514659995844,44.9721019994064],[-93.2513879997666,44.9721859996844],[-93.2513479995835,44.9722330003084],[-93.2509119995656,44.9727059995756],[-93.2508929992989,44.9727279995648],[-93.2505709999819,44.9731019999966],[-93.2502179998046,44.9734649994104],[-93.2499879996507,44.9736949999961],[-93.2499149989575,44.9737540000862],[-93.2497019994205,44.9739280004614],[-93.2487210005028,44.974723000247],[-93.2483339990917,44.9749939996423],[-93.2471119992511,44.9758210004156],[-93.2467470002766,44.9761599993855],[-93.2465580001306,44.9763559999544],[-93.2464020004951,44.9765479996028],[-93.2463129999083,44.9766689995938],[-93.2461939991842,44.9768679997063],[-93.2457570002397,44.9768779993234],[-93.2456879997442,44.9768789995392],[-93.2456359998658,44.9768789995392],[-93.2456359998657,44.9768460000344],[-93.2456569997822,44.9762320005283],[-93.2457809996308,44.9756159996913]]]},"properties":{"OBJECTID":6,"BDNUM":"6","Shape__Area":4862901.0914826393,"Shape__Length":15231.178671154084}},{"type":"Feature","id":7,"geometry":{"type":"Polygon","coordinates":[[[-93.2702329997307,44.9812969997645],[-93.2690200001108,44.9807819997209],[-93.2676469997593,44.9801860000948],[-93.26626799956,44.9795980000685],[-93.2648929995584,44.9790120000881],[-93.263524000303,44.9784289997686],[-93.2621689994948,44.9778519991626],[-93.2608029997141,44.9772679995487],[-93.2610780000739,44.9769519999937],[-93.2616179998491,44.9763109993481],[-93.26238399958,44.9754039997214],[-93.2624289997858,44.9753499999995],[-93.2637889997187,44.9759219992011],[-93.2645989989322,44.9749669992769],[-93.2654120003155,44.9740080001791],[-93.266227999377,44.9730449998011],[-93.2669989991308,44.9721439998785],[-93.2670519997325,44.9720839997392],[-93.2670839995196,44.972044999488],[-93.2678759991898,44.9711190001041],[-93.2678910001569,44.9711039991716],[-93.2681559995723,44.9709699998186],[-93.268466999917,44.970796999688],[-93.268795999805,44.9705809996668],[-93.2690589995706,44.9703479995851],[-93.2691489999823,44.9702230001823],[-93.269236000021,44.9700490000057],[-93.2692599994122,44.96996],[-93.2697209995445,44.9680669997899],[-93.2697249997425,44.9678240003771],[-93.2697459996589,44.9675890004157],[-93.2697519995067,44.9674890000455],[-93.2697759997962,44.9669839999934],[-93.2697559997047,44.9664949999411],[-93.2697559997048,44.9660959997228],[-93.269937000353,44.9661309992286],[-93.2700049992268,44.9661430002528],[-93.2703359996629,44.9662080003541],[-93.2710979991957,44.9663749998567],[-93.271639999519,44.9665009991443],[-93.2720260002069,44.9665839996033],[-93.2721679995989,44.966613000256],[-93.2727030002493,44.9667019997351],[-93.2727369996863,44.9667060000369],[-93.2731389993692,44.9667450001053],[-93.2736509995552,44.9667920001034],[-93.2741599993683,44.9668230001623],[-93.2748019992506,44.9668369999168],[-93.2754570004502,44.9668050001096],[-93.2757839997901,44.9667749991619],[-93.2765189995588,44.9666659995482],[-93.2766529994532,44.9666469996876],[-93.2768030001391,44.9666179996877],[-93.2771619992662,44.9665530000509],[-93.2776649992314,44.9664380001706],[-93.2778170004657,44.9663939998073],[-93.2778170004656,44.9661480003609],[-93.2778170004657,44.9652290002282],[-93.2778170004657,44.964195000064],[-93.2778170004656,44.9639659993226],[-93.2778170004657,44.9626960004208],[-93.2793269992879,44.9626999997308],[-93.2794150000499,44.9626989992677],[-93.279586999579,44.9626989992677],[-93.2808229996633,44.9626999997308],[-93.2812879999937,44.9627039996761],[-93.2829819998373,44.9627039996761],[-93.2832339997324,44.9627039996761],[-93.2839109997749,44.9627029998487],[-93.2842559995564,44.9627029998487],[-93.2855000000365,44.9627019993857],[-93.286766000258,44.9627039996761],[-93.288001999444,44.9626999997308],[-93.2879600005095,44.9627979992639],[-93.2879600005095,44.9628449999535],[-93.2879689998321,44.9629630001492],[-93.2879739998549,44.9632049993602],[-93.2879879992003,44.9641849995067],[-93.2879869993754,44.9643750002632],[-93.2879849997255,44.9645790000605],[-93.2879680000071,44.9653189997296],[-93.2879639998093,44.9654909994433],[-93.2880619997183,44.9654820001621],[-93.2880979997036,44.965597999829],[-93.2881470001072,44.9657599996946],[-93.2881569992546,44.9658350005014],[-93.2881649996506,44.9658890002844],[-93.2881819993691,44.9661999996808],[-93.2881989990874,44.9665970002922],[-93.288181999369,44.9669169999922],[-93.2881630000009,44.9671649994535],[-93.2881259992926,44.9674340001171],[-93.2881100002972,44.9680869995492],[-93.2881789998944,44.9677180000702],[-93.288233000321,44.9676399999591],[-93.2882539993392,44.9675859999178],[-93.2883630000175,44.9671410003726],[-93.2886049989683,44.9663760002556],[-93.288623999235,44.9662860005058],[-93.2887419992355,44.966042999904],[-93.2892709991402,44.9654229998251],[-93.2900619998838,44.9644019998948],[-93.2909389999429,44.9633920001027],[-93.2912109999295,44.9631040004255],[-93.291555999711,44.9627029998487],[-93.2917590001006,44.9623820003264],[-93.2917769996439,44.9623359997269],[-93.291816999827,44.9621700003799],[-93.2927249998482,44.9609179998566],[-93.293090999546,44.9604229997446],[-93.2940630000395,44.9591379997142],[-93.2940899998037,44.9591220002081],[-93.2943799993338,44.9587360001252],[-93.2947619998234,44.9582209996088],[-93.2954409995158,44.9573359994905],[-93.2956699998447,44.9570269995699],[-93.2957169997003,44.9569640003632],[-93.2961250001293,44.956419999765],[-93.2962270002364,44.9562839992865],[-93.2967889997531,44.955542999458],[-93.296788999753,44.9555249996803],[-93.2970049996632,44.955048000017],[-93.2975849996212,44.9537509993276],[-93.2982639993136,44.9521939995972],[-93.298255999816,44.9519539997461],[-93.2982659998616,44.9503209995283],[-93.2982669996867,44.9502299999781],[-93.2982690002346,44.950066999445],[-93.2982709998845,44.9498659996986],[-93.2982789993821,44.9492570003166],[-93.2994190001053,44.94925900044],[-93.3008300000916,44.9492610005633],[-93.3021139998566,44.949262999415],[-93.3033929995985,44.9492649995382],[-93.3050000003019,44.9492679997227],[-93.3050079997996,44.9483799998967],[-93.3054439998176,44.948482999469],[-93.3054809996275,44.9484899999949],[-93.306349000364,44.9489299995511],[-93.3067750003364,44.9491339995881],[-93.3071479997069,44.949303999383],[-93.3071999995855,44.9492330001021],[-93.3070349997291,44.949184999643],[-93.307036999379,44.9489329997533],[-93.3066759997039,44.948247999755],[-93.3065789996193,44.9478219993653],[-93.3063129994806,44.9472539994378],[-93.3059979998364,44.9463969992591],[-93.3057749993554,44.9459569999959],[-93.3053789995202,44.9452780002387],[-93.3053229994437,44.9451060003324],[-93.3051899993743,44.9448140005092],[-93.3048769993798,44.9443790000192],[-93.3046069999415,44.9438659994064],[-93.3041640002508,44.9432289997379],[-93.3039440001426,44.9428240000892],[-93.3039059996095,44.9426290002048],[-93.3039399999446,44.9419769998808],[-93.3038710003478,44.9412840004738],[-93.3038739989242,44.9411349996382],[-93.3039739993815,44.9404569996538],[-93.3039959991227,44.9401449997565],[-93.3041319995653,44.9393930000961],[-93.304221999977,44.9391059997504],[-93.3042079997334,44.938775999563],[-93.3042749996805,44.9385460001413],[-93.3042949997719,44.9381770001674],[-93.3043649991939,44.9377579993674],[-93.3044059992017,44.937657000156],[-93.3045249999258,44.9373579999884],[-93.3049040000424,44.9367479998946],[-93.3051739994808,44.9364189997947],[-93.3053130002963,44.9362839999021],[-93.3056780001693,44.9360259994931],[-93.3065469989342,44.9354880000135],[-93.3074279991912,44.9350399998795],[-93.3076259995579,44.9349729994612],[-93.3077059999237,44.9349590001991],[-93.3079229996588,44.9348470002565],[-93.3077140003197,44.9345069997511],[-93.3077809993686,44.9344750003556],[-93.3080579993781,44.9343600004132],[-93.3083510001794,44.9342599999995],[-93.3086979996106,44.9341230001041],[-93.3090619996586,44.9340490001453],[-93.3090839993998,44.9340430000929],[-93.3103019999409,44.9336279997169],[-93.3103359993777,44.9338219999518],[-93.3103759995607,44.9338959995672],[-93.310432999462,44.9339870002094],[-93.310472999645,44.934018999877],[-93.3105359993943,44.9340379997308],[-93.3106049989913,44.9340430000929],[-93.3107449996317,44.9340390000576],[-93.3108269996474,44.9340329993682],[-93.3108849993738,44.9340329993682],[-93.3111489989643,44.9340220002225],[-93.3114129994534,44.9340349993861],[-93.311676999044,44.9340739994029],[-93.3120109998531,44.9341439999375],[-93.3123349997182,44.9342399998959],[-93.3126389994919,44.9343550000786],[-93.3126899995455,44.9343790001541],[-93.312769999013,44.9344099999187],[-93.3129349997679,44.9345049997498],[-93.3130039993649,44.9345589997643],[-93.3132100001275,44.9347149995212],[-93.3134309991621,44.9348529995889],[-93.3136749995595,44.9349750000822],[-93.3138889998199,44.9350590000314],[-93.3140910003845,44.9351170001215],[-93.3141169994255,44.9351200004097],[-93.3143459988561,44.9351619993396],[-93.3146589997488,44.9351960002377],[-93.3149640002456,44.9352150003379],[-93.3152770002399,44.9352150003379],[-93.3164599997226,44.9350849991581],[-93.3168259994205,44.9350469995011],[-93.3171920000166,44.9350319999476],[-93.3175579997146,44.9350359999137],[-93.3176349997075,44.9350359999138],[-93.318776999182,44.9350279993454],[-93.3188019992963,44.9350240000146],[-93.3191600003949,44.9350200000476],[-93.3195189995219,44.9350359999137],[-93.3197169998886,44.9350780001771],[-93.3199079996843,44.9351459995087],[-93.3200839994114,44.935233999796],[-93.3202290000746,44.9353449999516],[-93.3203429998774,44.9354709999715],[-93.3204270004414,44.9356119997567],[-93.3204729995739,44.9357569997474],[-93.3204880005407,44.9359130000655],[-93.3204800001449,44.936225999719],[-93.3204419996117,44.9365430000711],[-93.3203659994438,44.9368520002666],[-93.3202439992451,44.9371569996172],[-93.3200909999824,44.937453999661],[-93.3199079996843,44.937739999735],[-93.3213499996329,44.9377520003384],[-93.3216090000988,44.9377520003384],[-93.322623999352,44.9377589996294],[-93.322626999725,44.9359550003233],[-93.3230920000554,44.9359980002072],[-93.3235319993731,44.936021999596],[-93.3235439999671,44.9354150002087],[-93.3232710001556,44.9353669996419],[-93.3232819991279,44.9342849991654],[-93.3232679997826,44.9340929998744],[-93.3239059994669,44.934035999713],[-93.3251800000844,44.9340430000929],[-93.3264619993012,44.9340490001453],[-93.3277439994162,44.9340549995611],[-93.3288299997125,44.9340609996123],[-93.3290249997063,44.9340630002651],[-93.3290249997063,44.9341699994783],[-93.3290179991352,44.9359889994799],[-93.3290049996147,44.9393920004984],[-93.3290039997898,44.9398239993094],[-93.3291119997449,44.9404279997695],[-93.3291389995089,44.9405909996966],[-93.3291549994026,44.9406849999005],[-93.3291629997986,44.9414219993795],[-93.3291240003388,44.9436109998465],[-93.3291089993718,44.9443779998725],[-93.3288339999106,44.945543000017],[-93.3288259995146,44.9456079999318],[-93.3288259995146,44.9458080004795],[-93.3288799999413,44.9466209996462],[-93.3288540000018,44.9478639998128],[-93.328853000177,44.9478969994618],[-93.3288499998041,44.9482939995691],[-93.328849999804,44.948482999469],[-93.328849999804,44.9485439995729],[-93.3288879994388,44.9486669996584],[-93.3289029995074,44.9487809994867],[-93.3288999991344,44.9489269999846],[-93.3288859997891,44.9490289997812],[-93.3288449997812,44.949157999844],[-93.3287939997276,44.9493720003043],[-93.3287569999175,44.9495149991274],[-93.3287479996969,44.9497630000651],[-93.3287910002528,44.9505299992696],[-93.3287859993317,44.9513299992502],[-93.3287799994839,44.952062999975],[-93.3287679997883,44.9536739999181],[-93.3287679997882,44.9538400003244],[-93.3287519998946,44.9563130000605],[-93.3287510000697,44.9563730001689],[-93.3287489995217,44.9567319995702],[-93.3287479996968,44.9569030003086],[-93.3287449993236,44.9573589995744],[-93.3287380005494,44.9583650004422],[-93.3287309999783,44.9593319995677],[-93.3287249992322,44.9601220001722],[-93.3287259999556,44.9601410002869],[-93.3287169997346,44.9613819997075],[-93.3287159999096,44.9616509995219],[-93.3287150000848,44.9618429994569],[-93.3287129995367,44.9621229997729],[-93.3287089993386,44.962481000234],[-93.3287009989427,44.9644890000337],[-93.3287019996661,44.9645280003381],[-93.3286990001914,44.9647899995768],[-93.3286969996431,44.9650380006067],[-93.3286919996202,44.9664839993877],[-93.3286919996203,44.9665629995598],[-93.3286879994222,44.9676969998063],[-93.3286859997725,44.9681170004462],[-93.3286869995974,44.968181999582],[-93.3286859997725,44.9682429997208],[-93.3286809997497,44.9694509993485],[-93.3286799990264,44.9696429992358],[-93.3286719995289,44.9698720001941],[-93.3286780002749,44.9699219999126],[-93.3286909997954,44.9700199998191],[-93.3286890001455,44.9701359998422],[-93.3286869995973,44.9702699998728],[-93.328673000252,44.9712469997675],[-93.3286599998332,44.9745179994103],[-93.3286539999855,44.977141999766],[-93.3285719999696,44.977141999766],[-93.328444999748,44.977141999766],[-93.3281559991447,44.9771459999752],[-93.3278730001858,44.9771689997428],[-93.3278380000258,44.9771749997359],[-93.3277630005809,44.9771879992951],[-93.3261499991316,44.9771849999348],[-93.3259319995716,44.9771860001453],[-93.3249829995427,44.9771840003598],[-93.3216729996731,44.9771789999427],[-93.3204459998097,44.9771529995462],[-93.3186429992876,44.9771579999657],[-93.3185449993785,44.9771579999656],[-93.318526999835,44.9771579999656],[-93.3184530002153,44.9771579999656],[-93.3184069992862,44.9771579999656],[-93.3183960003138,44.9771729999501],[-93.3183810002452,44.9771929997114],[-93.3183669991032,44.9772410002541],[-93.3183720000244,44.9772980000916],[-93.3184259995528,44.977437999876],[-93.3184709997585,44.9775669996197],[-93.318495000048,44.9776499999516],[-93.318523999462,44.9778300005037],[-93.3185199992641,44.9789469998818],[-93.3185039993704,44.9807469996242],[-93.3172379991492,44.9807429996662],[-93.3160249995294,44.9807419995178],[-93.3159559999323,44.9807399998564],[-93.3145950001745,44.980736999411],[-93.3143459988559,44.9807360005334],[-93.3139189990587,44.9799039999334],[-93.3137889993624,44.9796180002548],[-93.3136289995288,44.9793359998416],[-93.3135099997031,44.9791629995303],[-93.3133459996716,44.9790790005756],[-93.3131730003176,44.9789590001307],[-93.3130760002332,44.9788519998875],[-93.3128410000566,44.97867499992],[-93.3123370002663,44.978441999679],[-93.3116319997365,44.9782279996053],[-93.3110069995725,44.9779349997174],[-93.3108889995718,44.977917999537],[-93.3102869998722,44.9778349995931],[-93.3096149998525,44.9778139992207],[-93.3095069998976,44.9778329991948],[-93.3090879995979,44.9779060003411],[-93.3087429998164,44.9778509995993],[-93.308601999351,44.9778280001052],[-93.3083429997833,44.9777729992885],[-93.3079219998339,44.9776839998308],[-93.3075279996486,44.9776140002818],[-93.3072790001266,44.9775760001821],[-93.3070789992117,44.9775519997383],[-93.3069290003222,44.9775389996262],[-93.3067769999862,44.9775350000798],[-93.3064199996108,44.9775350000798],[-93.3062689999982,44.977525999511],[-93.306118999312,44.9775049996608],[-93.3059760000952,44.9774659999189],[-93.3058430000257,44.9774110000259],[-93.3056799998191,44.9773220000064],[-93.3055939996054,44.9772389998351],[-93.3055709991409,44.9771459999752],[-93.3055669998413,44.9771279999849],[-93.3054890000235,44.976965000239],[-93.3054489998406,44.9768809999707],[-93.3053879997411,44.9767799996971],[-93.3052779992378,44.9766710000327],[-93.3050899998152,44.9766279994784],[-93.3048239996763,44.9766220000635],[-93.3046720002388,44.9766269998937],[-93.3043679995668,44.9766439998214],[-93.3041640002506,44.9766499998694],[-93.3040129997397,44.9766410004326],[-93.3038679999747,44.9766109995459],[-93.303717000362,44.9765669993609],[-93.3034009999945,44.9764669993927],[-93.3027580002872,44.9762500001644],[-93.3025709997912,44.9761949997405],[-93.3023809998203,44.9761470002287],[-93.3021839992785,44.9761140003027],[-93.3018800004031,44.9760850000054],[-93.3013209994632,44.9760489999885],[-93.3011679993021,44.9760449997028],[-93.3010169996893,44.9760470001633],[-93.3008169996729,44.9760629993976],[-93.3005719994506,44.9761050001462],[-93.2997999989734,44.9762909992791],[-93.2994719998088,44.9763809998524],[-93.2994489993442,44.9763889997411],[-93.2991019999128,44.9765059991786],[-93.298295000174,44.9768099998598],[-93.2981949997166,44.9768460000345],[-93.2975799995984,44.9770660001868],[-93.2972889993453,44.9770889999865],[-93.2960179991008,44.9770829999844],[-93.2955209998817,44.9770810001953],[-93.2937009996414,44.9770739993446],[-93.2917939993623,44.9770810001954],[-93.290092999846,44.9770510001743],[-93.2898939996543,44.9770549997544],[-93.2893089996734,44.9772469996042],[-93.2880729995891,44.977655999259],[-93.2880709999392,44.977359000067],[-93.2880729995892,44.9772200002996],[-93.2880380003274,44.9760560003289],[-93.2880370005025,44.9758229996132],[-93.2880370005024,44.9757099997269],[-93.2880370005024,44.9754569997874],[-93.2880490001981,44.9750910001676],[-93.2878340001128,44.9751180004745],[-93.2875589997532,44.9751500000923],[-93.2873389996451,44.975156999907],[-93.2865409992289,44.9752019995125],[-93.2861970001707,44.9752469997181],[-93.2859510001233,44.9752639994195],[-93.2857619990791,44.975278999264],[-93.2855829989789,44.9752930001319],[-93.2842539999066,44.9753809998814],[-93.2834259993531,44.9754290000344],[-93.2830729991757,44.9754850001621],[-93.2827199998965,44.9755579998494],[-93.2824789998721,44.9756299998416],[-93.2822939999242,44.975709999727],[-93.2820849996869,44.9758149996455],[-93.2819080001348,44.9759370001444],[-93.2817879995858,44.9760239999458],[-93.2816829991056,44.9761039999169],[-93.2815790002469,44.9762080001574],[-93.2813509997429,44.9764779999379],[-93.2815239999952,44.9768769997431],[-93.2816079996608,44.9769779998458],[-93.2815790002468,44.9778969998305],[-93.2815329993178,44.9789300000014],[-93.2812589996813,44.9789889997888],[-93.2810899996269,44.9790259994092],[-93.2809959999157,44.9790590002012],[-93.2808929999834,44.9791039999218],[-93.280748999145,44.9792029995641],[-93.2802140002911,44.9796430000015],[-93.2797419993897,44.9800289998403],[-93.2796029994725,44.9801429996347],[-93.2795059993882,44.9802309995663],[-93.2787699997943,44.9807209995747],[-93.2786479995957,44.9807550001747],[-93.2780459998963,44.9809569998845],[-93.2777099994372,44.98107099974],[-93.2773899997701,44.9812010003465],[-93.2771670001874,44.9813099996601],[-93.2770839994483,44.9813500001024],[-93.2766039999476,44.9815979994259],[-93.2759779999588,44.9820439993942],[-93.2755739997277,44.9817569994578],[-93.2754219993917,44.9816480003587],[-93.2753269998556,44.9815809996961],[-93.2750640000897,44.9813930002926],[-93.2748569995021,44.9812439993777],[-93.2737049990835,44.9820709996043],[-93.2725059997076,44.9829360003591],[-93.2714109991903,44.9821010001758],[-93.2702329997307,44.9812969997645]]]},"properties":{"OBJECTID":7,"BDNUM":"7","Shape__Area":14939016.695108414,"Shape__Length":23460.639155961351}},{"type":"Feature","id":8,"geometry":{"type":"Polygon","coordinates":[[[-93.2867319990245,44.9483630004927],[-93.28555299974,44.9483610003381],[-93.2842939991913,44.9483600002608],[-93.2830119990763,44.9483590001835],[-93.2813569995907,44.9483570000287],[-93.2803209995228,44.9483559999514],[-93.2796999995569,44.9483549998739],[-93.2779459994388,44.948352999719],[-93.2766800001155,44.948352999719],[-93.2754209995668,44.948352999719],[-93.2750239999067,44.948352999719],[-93.2749369998681,44.9483529997191],[-93.2746269993485,44.948352999719],[-93.2741389994519,44.9483529997191],[-93.2741169997105,44.9483570000287],[-93.27285800006,44.948352999719],[-93.2715989995113,44.9483529997191],[-93.271575999945,44.948352999719],[-93.2703089998986,44.948352999719],[-93.2690279996084,44.948352999719],[-93.267948999883,44.9483529997191],[-93.2677609995622,44.9483529997191],[-93.2677419992956,44.9466819998215],[-93.2677419992955,44.9466670001284],[-93.2677229999274,44.9449839997464],[-93.2676879997672,44.943179999813],[-93.2676540003305,44.9413829992662],[-93.2676229994698,44.9395709994257],[-93.267593000231,44.9377749993683],[-93.2663349995071,44.9377710002288],[-93.2650679994607,44.9377680000792],[-93.2637939997416,44.9377649999295],[-93.2625269996952,44.9377609995175],[-93.262504000129,44.9359509997853],[-93.262499999931,44.9356319993824],[-93.2624819994894,44.9341660000879],[-93.2624749998166,44.9341479993295],[-93.2612379999075,44.9341509996683],[-93.2612149994429,44.9341470002764],[-93.2599719996859,44.9341439999375],[-93.2586979999668,44.9341430002484],[-93.2574390003163,44.93413900022],[-93.2573759996689,44.9341430002484],[-93.2561799997676,44.9341399999093],[-93.2549289996148,44.9341390002201],[-93.2536540000707,44.9341319998519],[-93.2523959993469,44.9341299992014],[-93.2511289993005,44.9341260004441],[-93.24986999965,44.9341230001041],[-93.2486109991011,44.9341179997489],[-93.247344999778,44.9341159997339],[-93.2473449997781,44.9322849997121],[-93.2473370002804,44.9305229992941],[-93.2473370002804,44.9304499995378],[-93.2473360004555,44.9299629999306],[-93.2473339999073,44.9287339996502],[-93.2473339999073,44.9286349994012],[-93.2473299997094,44.9269589995604],[-93.2473219993135,44.9269409997233],[-93.2473219993134,44.9251479997989],[-93.2485769996644,44.9251469999532],[-93.2498439997107,44.9251459994715],[-93.2511099999323,44.9251449996258],[-93.2523839996513,44.9251439997801],[-93.2536699999643,44.9251429999344],[-93.2549289996147,44.9251419994526],[-93.2561989991359,44.9251409996068],[-93.2574499992887,44.925139999761],[-93.2574739995781,44.925133000204],[-93.2587319994037,44.92513400005],[-93.2600060000211,44.9251360003777],[-93.2612649996716,44.9251370002236],[-93.2625349991928,44.9251389992792],[-93.2625579996572,44.9233249997524],[-93.2625349991928,44.9233249997523],[-93.2625729997259,44.9215349999101],[-93.2626109993607,44.9197160001069],[-93.2626039996881,44.9196979992723],[-93.2626229999546,44.9179059997108],[-93.2626420002212,44.9161070002201],[-93.2626420002212,44.9143029995806],[-93.2626420002213,44.912482999782],[-93.263915999042,44.912482999782],[-93.2651980000553,44.9124869994099],[-93.265204999728,44.9119910001649],[-93.2653659993864,44.9121779998186],[-93.2655489996846,44.9123499997488],[-93.2657620001198,44.9125099996507],[-93.2659229997785,44.9125940000094],[-93.2661059991783,44.9126550000717],[-93.266295999149,44.9126969995243],[-93.2664719997744,44.9127159994332],[-93.2664949993406,44.9127159994331],[-93.2677539998895,44.9127120004573],[-93.2677539998895,44.9126850000473],[-93.2690279996085,44.9126819998597],[-93.2692340003712,44.9126699997434],[-93.2694319998396,44.91263999976],[-93.2696229996354,44.9125819998748],[-93.2697979995374,44.9125059993883],[-93.2699509996983,44.912414999703],[-93.2701799991289,44.912444999804],[-93.2703319994649,44.9124679994254],[-93.2716289996485,44.9124569999671],[-93.2729030002658,44.9124489994345],[-93.2741700003124,44.9124369999058],[-93.2746799990519,44.9124319995713],[-93.2750449998232,44.9124269998725],[-93.2750579993436,44.9151999998882],[-93.2750630002648,44.9160439999969],[-93.2750490000211,44.9196609995536],[-93.2753829990335,44.9196589996713],[-93.2766719997196,44.9196510001413],[-93.2779459994387,44.9196360003834],[-93.2792429996223,44.9196269996363],[-93.2805399998061,44.9196209993495],[-93.2818449994872,44.9196090000462],[-93.2831419996708,44.9196009992371],[-93.2844309994585,44.919593000335],[-93.2857059999011,44.9195839995812],[-93.2870099997573,44.9195750000981],[-93.2883149994384,44.9195669999204],[-93.2883149994385,44.9213789993379],[-93.2883149994384,44.9231829998158],[-93.2882999993699,44.9249950003137],[-93.2882839994765,44.9268069996274],[-93.2882719997808,44.928627000485],[-93.2882639993849,44.9299670002497],[-93.28826099991,44.9304390003419],[-93.2882690003061,44.9304570003548],[-93.2882500000394,44.9322740002316],[-93.2882309997729,44.9340559998877],[-93.2882389992706,44.9340739994029],[-93.2882229993769,44.9358980001023],[-93.2882080002065,44.9377169994193],[-93.2881889999399,44.939522000194],[-93.2881699996735,44.9413299995101],[-93.2881550005032,44.942935999733],[-93.2881389997114,44.9447360004139],[-93.2881160001451,44.9466129994203],[-93.2880940004038,44.94836400057],[-93.2869329997643,44.9483630004927],[-93.2868270003574,44.9483640005701],[-93.2867319990245,44.9483630004927]]]},"properties":{"OBJECTID":8,"BDNUM":"8","Shape__Area":7972784.80177927,"Shape__Length":14514.692624067968}},{"type":"Feature","id":9,"geometry":{"type":"Polygon","coordinates":[[[-93.2485659997937,44.9609340001331],[-93.2483339990917,44.9609139997868],[-93.2481950000729,44.9609149996453],[-93.2479439991044,44.9609149996453],[-93.2473009993971,44.9603140001388],[-93.2468490003837,44.9599299995631],[-93.2460040001118,44.9591440003224],[-93.2458619998216,44.9589979997532],[-93.2454859991796,44.9586059994436],[-93.2450860000448,44.9582230000555],[-93.2446860000117,44.9577640002875],[-93.2442779995827,44.9572229994142],[-93.2439610002887,44.9567470004473],[-93.2437489996783,44.9564619996421],[-93.2435939989692,44.9561970000546],[-93.243221000497,44.9555469999023],[-93.2429699995285,44.9555479998543],[-93.2424950000507,44.9555489998065],[-93.2424189998826,44.9555499997586],[-93.241919999217,44.9555509997105],[-93.2410970004829,44.9555519996626],[-93.2408449996896,44.9555530002503],[-93.2406420001983,44.9552699997858],[-93.2401609999745,44.9546059997472],[-93.2396039995825,44.9547890000489],[-93.2390719993048,44.9549669999563],[-93.2386339996371,44.9543389999067],[-93.2382050001899,44.9537230004212],[-93.2362849994921,44.9537179998658],[-93.2362590004512,44.9528690001951],[-93.2360839996507,44.9530600002785],[-93.2359619994519,44.9531669996913],[-93.2358250000829,44.9532619996384],[-93.2356569989551,44.9533619993794],[-93.2355499997232,44.9534150001061],[-93.2353589999277,44.9534949991909],[-93.235152999165,44.9535519997424],[-93.2349320001304,44.9535869999079],[-93.234710999299,44.9535939998113],[-93.233111000065,44.9535969997696],[-93.2300029989636,44.9536019996998],[-93.2299439994124,44.9535989997419],[-93.2283569996989,44.9535240001032],[-93.2270279997283,44.9534609995935],[-93.2268679998946,44.9534569996395],[-93.2255939992772,44.9533969996608],[-93.2240389993508,44.95332399974],[-93.2224730004519,44.9532509997262],[-93.2218779995267,44.9532279999029],[-93.2212750000025,44.9532279999029],[-93.2206799990773,44.9532509997262],[-93.2203829998747,44.9532710002008],[-93.2203829998748,44.9519729993867],[-93.2191159998284,44.9519729993867],[-93.2178420001092,44.9519689999647],[-93.2178339997134,44.9501649995753],[-93.2178270000406,44.9483750001473],[-93.2178339997133,44.9483570000287],[-93.2178310002385,44.9468079997597],[-93.2178270000407,44.9450190000505],[-93.2178420001093,44.9450019996511],[-93.2178420001092,44.9432259998735],[-93.2178420001093,44.9414439992849],[-93.2178500005052,44.9414249993382],[-93.2191309998969,44.9414139997008],[-93.2203979999434,44.9414059993851],[-93.22167999916,44.9413989999028],[-93.2229610003485,44.9413869994258],[-93.2243189997332,44.9413769999801],[-93.2244109997946,44.9413769999801],[-93.2256929990114,44.9413669998968],[-93.2270429997968,44.9413569998119],[-93.227067999911,44.9413529996502],[-93.2283859991129,44.9413509998872],[-93.2290879992697,44.9413499996878],[-93.2278009991318,44.9395349993842],[-93.2270510001927,44.9384769994993],[-93.2270369999489,44.9384360000645],[-93.2265379992833,44.937739999735],[-93.2265299997858,44.937721999461],[-93.2252119996857,44.9359210005106],[-93.2250600002481,44.9357109994259],[-93.2239059992813,44.9341299992015],[-93.2256599993994,44.9341029999527],[-93.2266159999995,44.9340860001366],[-93.2270429997967,44.9340820001043],[-93.2270679999111,44.9340780000718],[-93.2274909995104,44.934078999762],[-93.2285079993117,44.9340820001043],[-93.2287259997697,44.9340820001043],[-93.2291040000615,44.934667999957],[-93.2295589994478,44.9352969999622],[-93.2299390002878,44.9358509995985],[-93.2299739995495,44.9358980001022],[-93.230804999578,44.9370849996643],[-93.2312389999461,44.9377169994193],[-93.2316009994461,44.9377189993089],[-93.2321009999366,44.9377169994194],[-93.2333830000515,44.9377209998343],[-93.2346499991997,44.9377219994611],[-93.2359089997485,44.9377229997238],[-93.2371549998785,44.9377249996131],[-93.2372059999322,44.9377330004417],[-93.2388759994863,44.9377290000276],[-93.2405549992614,44.9377330004416],[-93.2405850002969,44.9377330004417],[-93.2422559996759,44.9377330004417],[-93.2435609993573,44.9377330004417],[-93.2448119995101,44.9377330004417],[-93.246062999663,44.9377330004417],[-93.2473530001739,44.9377330004417],[-93.2473599989483,44.9377150001656],[-93.2473480001511,44.9359279993889],[-93.2473370002804,44.9341339998664],[-93.247344999778,44.9341159997339],[-93.2486109991011,44.9341179997489],[-93.24986999965,44.9341230001041],[-93.2511289993005,44.9341260004441],[-93.2523959993469,44.9341299992014],[-93.2536540000707,44.9341319998519],[-93.2549289996148,44.9341390002201],[-93.2561799997676,44.9341399999093],[-93.2573759996689,44.9341430002484],[-93.2574390003163,44.93413900022],[-93.2586979999668,44.9341430002484],[-93.2599719996859,44.9341439999375],[-93.2612149994429,44.9341470002764],[-93.2612379999075,44.9341509996683],[-93.2624749998166,44.9341479993295],[-93.2624819994894,44.9341660000879],[-93.262499999931,44.9356319993824],[-93.262504000129,44.9359509997853],[-93.2625269996952,44.9377609995175],[-93.2637939997416,44.9377649999295],[-93.2650679994607,44.9377680000792],[-93.2663349995071,44.9377710002288],[-93.267593000231,44.9377749993683],[-93.2676229994698,44.9395709994257],[-93.2676540003305,44.9413829992662],[-93.2676879997672,44.943179999813],[-93.2677229999274,44.9449839997464],[-93.2677419992955,44.9466670001284],[-93.2677419992956,44.9466819998215],[-93.2677609995622,44.9483529997191],[-93.2676979998129,44.948348999409],[-93.2665019999117,44.948352999719],[-93.2664789994471,44.948352999719],[-93.265213000124,44.9483529997191],[-93.2639549994001,44.9483549998739],[-93.2626719994601,44.9483570000287],[-93.2626499997188,44.9502559992286],[-93.2626499997188,44.9503480000518],[-93.2626270001527,44.9519259999629],[-93.2626109993608,44.9519439995979],[-93.2625889996195,44.9537469993939],[-93.2625810001219,44.9555279995377],[-93.2625660000532,44.9555509997106],[-93.2625499992614,44.9573169997182],[-93.2625549992843,44.9584559998069],[-93.2625579996572,44.9591180000131],[-93.2612689998695,44.9591220002081],[-93.2612459994052,44.9591220002081],[-93.2610699996779,44.9591230000979],[-93.2599719996861,44.959129000072],[-93.2596279997294,44.9591260004029],[-93.2587049996395,44.9591290000721],[-93.2581629993161,44.9591260004029],[-93.2574629997075,44.9591290000721],[-93.2574390003164,44.9591220002081],[-93.2561569993031,44.9591260004029],[-93.2561339988386,44.959129000072],[-93.2549420000335,44.9591270002926],[-93.2548899992567,44.9591280001823],[-93.2536239999333,44.9591329996306],[-93.2535169998034,44.9591329996307],[-93.2523419998184,44.9591329996307],[-93.2511059997343,44.9591339995202],[-93.2498320000151,44.9591349994099],[-93.2498399995127,44.9609299994287],[-93.2487269994521,44.9609329996392],[-93.2485659997937,44.9609340001331]]]},"properties":{"OBJECTID":9,"BDNUM":"9","Shape__Area":7970726.1443247795,"Shape__Length":14727.200608488642}},{"type":"Feature","id":10,"geometry":{"type":"Polygon","coordinates":[[[-93.2880979997036,44.965597999829],[-93.2880619997183,44.9654820001621],[-93.2879639998093,44.9654909994433],[-93.2879680000071,44.9653189997296],[-93.2879849997255,44.9645790000605],[-93.2879869993754,44.9643750002632],[-93.2879879992003,44.9641849995067],[-93.2879739998549,44.9632049993602],[-93.2879689998321,44.9629630001492],[-93.2879600005095,44.9628449999535],[-93.2879600005095,44.9627979992639],[-93.288001999444,44.9626999997308],[-93.286766000258,44.9627039996761],[-93.2855000000365,44.9627019993857],[-93.2842559995564,44.9627029998487],[-93.2839109997749,44.9627029998487],[-93.2832339997324,44.9627039996761],[-93.2829819998373,44.9627039996761],[-93.2812879999937,44.9627039996761],[-93.2808229996633,44.9626999997308],[-93.279586999579,44.9626989992677],[-93.2794150000499,44.9626989992677],[-93.2793269992879,44.9626999997308],[-93.2778170004657,44.9626960004208],[-93.2765729990873,44.9626919998393],[-93.2765349994524,44.9626919998394],[-93.2752840001978,44.9626960004208],[-93.2740169992531,44.9626919998393],[-93.2733889996144,44.9626940001301],[-93.2727619998006,44.9626960004208],[-93.2714689998149,44.9626919998393],[-93.2701869996998,44.9626919998393],[-93.2699249997591,44.9626919998393],[-93.2696970001534,44.9626919998393],[-93.2697519995067,44.9609079993637],[-93.26976999905,44.9603309998169],[-93.26976999905,44.9600849991613],[-93.2697299997654,44.9598449998927],[-93.2697030000012,44.959671999898],[-93.2696860002827,44.9595730002284],[-93.2696389995289,44.9594459998244],[-93.2695779994295,44.9593059993436],[-93.2695569995131,44.9592030001248],[-93.2695339990485,44.9591159995977],[-93.2695059994594,44.9590060001597],[-93.2694769991471,44.9588839998777],[-93.2694599994287,44.9588199996364],[-93.2694359991392,44.958708999734],[-93.2694019997023,44.9585249993198],[-93.2693849999837,44.9583919997239],[-93.2693669995423,44.9582529997546],[-93.269348000174,44.9581089999116],[-93.2693439999761,44.9579809995358],[-93.2693439999761,44.9578129998409],[-93.2693569994964,44.957709999849],[-93.2693669995422,44.9575870000731],[-93.2694079995501,44.95732199996],[-93.2694729989491,44.9569469996876],[-93.269528999924,44.9567569997583],[-93.2695789992543,44.9566199995094],[-93.2696539995974,44.9564579992616],[-93.2698190003521,44.9561430000485],[-93.2700229996684,44.9558149991554],[-93.2702100001645,44.9555279995376],[-93.270485000524,44.9551840002465],[-93.2716959995957,44.9537479993773],[-93.2727889995646,44.9524239996519],[-93.2730689999473,44.9520830002278],[-93.2731879997729,44.9519389995233],[-93.2733939996373,44.9517249997337],[-93.2734870004219,44.9516200002164],[-93.2737379995938,44.951287000041],[-93.2739829998161,44.9509479996476],[-93.2741799994597,44.9505820000299],[-93.2743000000086,44.9503199994852],[-93.2743629997579,44.9501819997171],[-93.2744489990732,44.9500010000803],[-93.2744919996292,44.9498869994963],[-93.2745209999415,44.9497849999529],[-93.2745509991804,44.9496700001569],[-93.2745719999951,44.9495349996323],[-93.2745889997137,44.9494069998403],[-93.2745979999344,44.9492970002279],[-93.2746099996301,44.9490719994105],[-93.274613999828,44.9488989999963],[-93.2746269993485,44.948352999719],[-93.2749369998681,44.9483529997191],[-93.2750239999067,44.948352999719],[-93.2754209995668,44.948352999719],[-93.2766800001155,44.948352999719],[-93.2779459994388,44.948352999719],[-93.2796999995569,44.9483549998739],[-93.2803209995228,44.9483559999514],[-93.2813569995907,44.9483570000287],[-93.2830119990763,44.9483590001835],[-93.2842939991913,44.9483600002608],[-93.28555299974,44.9483610003381],[-93.2867319990245,44.9483630004927],[-93.2868270003574,44.9483640005701],[-93.2869329997643,44.9483630004927],[-93.2880940004038,44.94836400057],[-93.2881160001451,44.9466129994203],[-93.2881389997114,44.9447360004139],[-93.2881550005032,44.942935999733],[-93.2881699996735,44.9413299995101],[-93.2881889999399,44.939522000194],[-93.2882080002065,44.9377169994193],[-93.2882709999558,44.9377139999027],[-93.2894899994234,44.9377139999028],[-93.2907559996448,44.937712000013],[-93.2920379997599,44.9377100001232],[-93.2932969994103,44.9377100001232],[-93.2945629996318,44.9377059997074],[-93.2958449997469,44.9377059997074],[-93.2971189994659,44.9377059997075],[-93.2983930000834,44.9377059997074],[-93.2996439993379,44.9377059997075],[-93.300926000351,44.9377100001232],[-93.3022079995679,44.9377139999028],[-93.3029019993289,44.9377169994194],[-93.3040119990165,44.9377169994193],[-93.3040870002579,44.9374299995989],[-93.3041949993145,44.9371509992537],[-93.3043399999778,44.9368779992173],[-93.3045090000322,44.9366159997137],[-93.3047169995464,44.9363620000342],[-93.3049469997002,44.936126000011],[-93.3052089996409,44.9359010003496],[-93.3054929993231,44.9356919994899],[-93.3071799994941,44.9347339997807],[-93.3075169997779,44.9346029997387],[-93.3077140003197,44.9345069997511],[-93.3079229996588,44.9348470002565],[-93.3077059999237,44.9349590001991],[-93.3076259995579,44.9349729994612],[-93.3074279991912,44.9350399998795],[-93.3065469989342,44.9354880000135],[-93.3056780001693,44.9360259994931],[-93.3053130002963,44.9362839999021],[-93.3051739994808,44.9364189997947],[-93.3049040000424,44.9367479998946],[-93.3045249999258,44.9373579999884],[-93.3044059992017,44.937657000156],[-93.3043649991939,44.9377579993674],[-93.3042949997719,44.9381770001674],[-93.3042749996805,44.9385460001413],[-93.3042079997334,44.938775999563],[-93.304221999977,44.9391059997504],[-93.3041319995653,44.9393930000961],[-93.3039959991227,44.9401449997565],[-93.3039739993815,44.9404569996538],[-93.3038739989242,44.9411349996382],[-93.3038710003478,44.9412840004738],[-93.3039399999446,44.9419769998808],[-93.3039059996095,44.9426290002048],[-93.3039440001426,44.9428240000892],[-93.3041640002508,44.9432289997379],[-93.3046069999415,44.9438659994064],[-93.3048769993798,44.9443790000192],[-93.3051899993743,44.9448140005092],[-93.3053229994437,44.9451060003324],[-93.3053789995202,44.9452780002387],[-93.3057749993554,44.9459569999959],[-93.3059979998364,44.9463969992591],[-93.3063129994806,44.9472539994378],[-93.3065789996193,44.9478219993653],[-93.3066759997039,44.948247999755],[-93.307036999379,44.9489329997533],[-93.3070349997291,44.949184999643],[-93.3071999995855,44.9492330001021],[-93.3071479997069,44.949303999383],[-93.3067750003364,44.9491339995881],[-93.306349000364,44.9489299995511],[-93.3054809996275,44.9484899999949],[-93.3054439998176,44.948482999469],[-93.3050079997996,44.9483799998967],[-93.3050000003019,44.9492679997227],[-93.3033929995985,44.9492649995382],[-93.3021139998566,44.949262999415],[-93.3008300000916,44.9492610005633],[-93.2994190001053,44.94925900044],[-93.2982789993821,44.9492570003166],[-93.2982709998845,44.9498659996986],[-93.2982690002346,44.950066999445],[-93.2982669996867,44.9502299999781],[-93.2982659998616,44.9503209995283],[-93.298255999816,44.9519539997461],[-93.2982639993136,44.9521939995972],[-93.2975849996212,44.9537509993276],[-93.2970049996632,44.955048000017],[-93.296788999753,44.9555249996803],[-93.2967889997531,44.955542999458],[-93.2962270002364,44.9562839992865],[-93.2961250001293,44.956419999765],[-93.2957169997003,44.9569640003632],[-93.2956699998447,44.9570269995699],[-93.2954409995158,44.9573359994905],[-93.2947619998234,44.9582209996088],[-93.2943799993338,44.9587360001252],[-93.2940899998037,44.9591220002081],[-93.2940630000395,44.9591379997142],[-93.293090999546,44.9604229997446],[-93.2927249998482,44.9609179998566],[-93.291816999827,44.9621700003799],[-93.2917769996439,44.9623359997269],[-93.2917590001006,44.9623820003264],[-93.291555999711,44.9627029998487],[-93.2912109999295,44.9631040004255],[-93.2909389999429,44.9633920001027],[-93.2900619998838,44.9644019998948],[-93.2892709991402,44.9654229998251],[-93.2887419992355,44.966042999904],[-93.288623999235,44.9662860005058],[-93.2886049989683,44.9663760002556],[-93.2883630000175,44.9671410003726],[-93.2882539993392,44.9675859999178],[-93.288233000321,44.9676399999591],[-93.2881789998944,44.9677180000702],[-93.2881100002972,44.9680869995492],[-93.2881259992926,44.9674340001171],[-93.2881630000009,44.9671649994535],[-93.288181999369,44.9669169999922],[-93.2881989990874,44.9665970002922],[-93.2881819993691,44.9661999996808],[-93.2881649996506,44.9658890002844],[-93.2881569992546,44.9658350005014],[-93.2881470001072,44.9657599996946],[-93.2880979997036,44.965597999829]]]},"properties":{"OBJECTID":10,"BDNUM":"10","Shape__Area":4806022.1533007622,"Shape__Length":12655.456613559101}},{"type":"Feature","id":11,"geometry":{"type":"Polygon","coordinates":[[[-93.2473219993135,44.9251330002041],[-93.2460559990921,44.9251290001843],[-93.2447859995708,44.9251249995281],[-93.2447739998754,44.9233170000967],[-93.2460479995944,44.9233210002427],[-93.2460250000282,44.9215240002791],[-93.2460129994343,44.9197579994877],[-93.2460189992822,44.9196740000592],[-93.2460019995637,44.9179079996541],[-93.2460019995636,44.916046000005],[-93.2435679999283,44.9160389999762],[-93.2430569995672,44.9160389999762],[-93.242545999206,44.9160580000525],[-93.242182999881,44.9160850001501],[-93.2403969990777,44.9162959998391],[-93.2401659990989,44.9162840004775],[-93.2393649992078,44.9163929997287],[-93.2384119998792,44.9164019997101],[-93.2349739999631,44.9163990003526],[-93.2334639993441,44.9164049997036],[-93.2322109995415,44.9164209996664],[-93.2322159995644,44.9160470000091],[-93.232146999069,44.9143749994669],[-93.2321699995336,44.9125629992855],[-93.2321889998001,44.9107759997201],[-93.2309300001498,44.9107820002944],[-93.2296670003014,44.9107889996911],[-93.2284129997753,44.9107949996278],[-93.2271579994245,44.9108010002001],[-93.2270950005737,44.9107969998186],[-93.22285399932,44.9108059994041],[-93.222861999716,44.9099010002435],[-93.2228699992135,44.909007000314],[-93.222861999716,44.9089889999421],[-93.2228699992135,44.9071789995003],[-93.2228699992136,44.9062649995613],[-93.2228779996095,44.9053730000849],[-93.2228849992821,44.9053549998475],[-93.2229000002491,44.904465000023],[-93.2229079997468,44.9035739995603],[-93.222930999313,44.9017579995292],[-93.2229539997776,44.8981129995341],[-93.2229589998004,44.8975899998365],[-93.2229610003486,44.8974489996295],[-93.2229610003484,44.8971520001881],[-93.2234579995676,44.8971469997966],[-93.2280939990348,44.8971029997685],[-93.2280969994077,44.8968699998257],[-93.2294259993784,44.8968679997866],[-93.2317589996299,44.8968639997082],[-93.2317629998277,44.8964680001136],[-93.2317659993026,44.8962709999599],[-93.2317649994776,44.8960869998819],[-93.2317639996526,44.8956200000044],[-93.2323909994665,44.8956260002517],[-93.2323930000146,44.895469000256],[-93.2323989998624,44.8951379997278],[-93.2336809999775,44.8951259997672],[-93.2349549996966,44.8951150001722],[-93.2349470001989,44.8960910000143],[-93.2336729995815,44.896100999708],[-93.2323839997938,44.8961110000361],[-93.2323839997938,44.8962629997197],[-93.2323819992456,44.8964539997405],[-93.2323800004942,44.896868999488],[-93.2325429998025,44.8968569998885],[-93.2336070003577,44.89688299976],[-93.2343870003322,44.8968920002512],[-93.2353959997374,44.8969039998434],[-93.2374569991039,44.8969279996566],[-93.2374700004212,44.8969529997961],[-93.2386760003681,44.896973999854],[-93.2399789995012,44.8969350001042],[-93.240677999285,44.8969730001545],[-93.2412819995325,44.897005000077],[-93.2412799998828,44.8971330002252],[-93.2418589991177,44.8971379993452],[-93.2418609996659,44.8969940002051],[-93.2425310000356,44.8969999996726],[-93.2425310000356,44.8971440000705],[-93.2425310000357,44.8976760003751],[-93.2432299998194,44.8976799991244],[-93.2432349998423,44.8973380000628],[-93.2438060004779,44.897338999756],[-93.2438129992523,44.8970789993921],[-93.2445139995843,44.8970779996943],[-93.2445029997138,44.8972349997515],[-93.2450540002578,44.8972409998303],[-93.2450559999076,44.8970720002348],[-93.2450709999762,44.8966129996404],[-93.2450099998769,44.8961599993919],[-93.2449880001354,44.8959919995178],[-93.245774999783,44.8960109998576],[-93.246138999831,44.8960200004854],[-93.2471439990383,44.8960139996428],[-93.247156999457,44.8962019994428],[-93.2471759997236,44.8969799993237],[-93.2471609996551,44.8976429992291],[-93.2473629993214,44.8976409992169],[-93.2476040002441,44.8976400001653],[-93.2477479992859,44.8976409992169],[-93.2483230001193,44.8976479995775],[-93.2483139990003,44.8979450002752],[-93.2514159993557,44.8979369996316],[-93.2526780002775,44.8979339993104],[-93.2539599994943,44.8979299999425],[-93.2546389991866,44.8979299999425],[-93.2546480003058,44.8970099998445],[-93.2552509998301,44.8970099998445],[-93.255286999815,44.8954389995675],[-93.2546080001227,44.895422999491],[-93.2546459997575,44.8943289993679],[-93.2541579998609,44.8945009992525],[-93.2541050001575,44.8944239992975],[-93.2540659997995,44.8943410001314],[-93.2540659997995,44.8942529995658],[-93.2540889993656,44.8932409999296],[-93.2540969997615,44.8928719997519],[-93.2541259991756,44.8927170000577],[-93.2541009999595,44.8925599997567],[-93.2535929999715,44.8925249999393],[-93.2529449993428,44.8925249999392],[-93.2528919996393,44.8925129994332],[-93.2528459996087,44.8924829997483],[-93.2528379992126,44.8924409995268],[-93.2528919996394,44.8909449998152],[-93.2528989993121,44.8907170000562],[-93.2529619999596,44.8907130001863],[-93.2541200002263,44.8907130001863],[-93.2541810003255,44.8907130001863],[-93.2554629995421,44.8907130001863],[-93.2555159992456,44.8907160002478],[-93.2567639999236,44.8907070000628],[-93.2571670003299,44.8907150004394],[-93.2575469993731,44.8906149997876],[-93.2579430001065,44.8905390001687],[-93.2583639991576,44.890481000258],[-93.2588019997239,44.8904489998872],[-93.259237999742,44.8904370002209],[-93.2616889999943,44.8905180003066],[-93.264111999759,44.8906089996539],[-93.2648339991089,44.8906370000605],[-93.2653720001326,44.8906429995549],[-93.2656059995861,44.8906439993646],[-93.2667410002862,44.8906339999949],[-93.2678309998823,44.8906249997969],[-93.2681669994429,44.8906380005066],[-93.2698400002685,44.8906219997307],[-93.2724859996161,44.8905939999532],[-93.2740539999612,44.890566999973],[-93.2744199996591,44.8905689995948],[-93.2751189994431,44.8905639992673],[-93.2768240000556,44.8905539998838],[-93.2770540002095,44.8904389998473],[-93.2773010000817,44.8903469991435],[-93.2775630000225,44.890266999906],[-93.2778309998111,44.8902039999985],[-93.2781079998206,44.8901639996578],[-93.2783809996319,44.8901159994668],[-93.2787219992156,44.8900670000526],[-93.2790309990122,44.8900510003907],[-93.2795199996318,44.8900359992716],[-93.283209999443,44.8900589995858],[-93.283940999912,44.8900589995858],[-93.2883529990732,44.8900829997101],[-93.2889569993208,44.8900889998987],[-93.2899939992136,44.8900999998185],[-93.2915230000991,44.8900629995011],[-93.2918689997055,44.8900629995011],[-93.292107000255,44.8900569993098],[-93.2923440000817,44.8900310001706],[-93.2926009999996,44.8899989995495],[-93.2928199993842,44.8899670001833],[-93.2932240005138,44.8898960000943],[-93.2936289996714,44.8897869995987],[-93.2940739999102,44.8898509997863],[-93.2944419992579,44.8899039999473],[-93.2950269992389,44.8899899998887],[-93.2957929998682,44.8901459997501],[-93.2956829993651,44.8904750001103],[-93.295655999601,44.8905590002121],[-93.2956210003392,44.89064599962],[-93.2955789996081,44.8907579991835],[-93.2954799998739,44.8909399995203],[-93.2953749993936,44.8911219999177],[-93.2952259994305,44.891315000063],[-93.2950749998179,44.8914999992942],[-93.2950449996807,44.8915389995482],[-93.294845999489,44.8917849999039],[-93.2946589998913,44.8919820001519],[-93.2945029993572,44.8921369999179],[-93.2941869998882,44.8924649999299],[-93.2937799992841,44.8928629992678],[-93.2932689998213,44.8933059998553],[-93.2927499999625,44.8937689997759],[-93.2918929999948,44.8944950001607],[-93.2914429997331,44.894889000507],[-93.2911530002032,44.8951859995458],[-93.2908419998586,44.8955039995544],[-93.2904479996734,44.8959610000214],[-93.2902819990936,44.8961889999909],[-93.2900469989169,44.8965619999846],[-93.2898179994864,44.8969629993399],[-93.2895689999644,44.8974200003023],[-93.2893279990416,44.8978340003932],[-93.2890949994132,44.8983099997404],[-93.2889169991378,44.8986949991935],[-93.2887639998754,44.899050999473],[-93.2886800002098,44.8993029993753],[-93.2886109997144,44.899539999533],[-93.288522000026,44.8998459993951],[-93.2884579995535,44.9000930001318],[-93.2884129993477,44.9002849997989],[-93.2883789999108,44.9004630000642],[-93.2883489997736,44.9006109998795],[-93.2882939995221,44.9008529998057],[-93.2882919989739,44.9014430005211],[-93.2882999993699,44.9014879993943],[-93.288291998974,44.9032779995328],[-93.2882919989738,44.9050829996731],[-93.2882839994764,44.9065130002492],[-93.2882839994763,44.9068909996189],[-93.2882839994764,44.9076580001875],[-93.2882799992784,44.9082880002643],[-93.2882769998036,44.9086950000671],[-93.288269000306,44.9101369998677],[-93.2882690003061,44.910495999581],[-93.2882539993391,44.9123079994065],[-93.2882769998035,44.9141269996204],[-93.288291998974,44.9159389994714],[-93.2882999993699,44.9159569995751],[-93.2883069999409,44.9177469995398],[-93.2883149994384,44.9195669999204],[-93.2870099997573,44.9195750000981],[-93.2857059999011,44.9195839995812],[-93.2844309994585,44.919593000335],[-93.2831419996708,44.9196009992371],[-93.2818449994872,44.9196090000462],[-93.2805399998061,44.9196209993495],[-93.2792429996223,44.9196269996363],[-93.2779459994387,44.9196360003834],[-93.2766719997196,44.9196510001413],[-93.2753829990335,44.9196589996713],[-93.2750490000211,44.9196609995536],[-93.2750630002648,44.9160439999969],[-93.2750579993436,44.9151999998882],[-93.2750449998232,44.9124269998725],[-93.2746799990519,44.9124319995713],[-93.2741700003124,44.9124369999058],[-93.2729030002658,44.9124489994345],[-93.2716289996485,44.9124569999671],[-93.2703319994649,44.9124679994254],[-93.2701799991289,44.912444999804],[-93.2699509996983,44.912414999703],[-93.2697979995374,44.9125059993883],[-93.2696229996354,44.9125819998748],[-93.2694319998396,44.91263999976],[-93.2692340003712,44.9126699997434],[-93.2690279996085,44.9126819998597],[-93.2677539998895,44.9126850000473],[-93.2677539998895,44.9127120004573],[-93.2664949993406,44.9127159994331],[-93.2664719997744,44.9127159994332],[-93.266295999149,44.9126969995243],[-93.2661059991783,44.9126550000717],[-93.2659229997785,44.9125940000094],[-93.2657620001198,44.9125099996507],[-93.2655489996846,44.9123499997488],[-93.2653659993864,44.9121779998186],[-93.265204999728,44.9119910001649],[-93.2651980000553,44.9124869994099],[-93.263915999042,44.912482999782],[-93.2626420002213,44.912482999782],[-93.2626420002212,44.9143029995806],[-93.2626420002212,44.9161070002201],[-93.2626229999546,44.9179059997108],[-93.2626039996881,44.9196979992723],[-93.2626109993607,44.9197160001069],[-93.2625729997259,44.9215349999101],[-93.2625349991928,44.9233249997523],[-93.2625579996572,44.9233249997524],[-93.2625349991928,44.9251389992792],[-93.2612649996716,44.9251370002236],[-93.2600060000211,44.9251360003777],[-93.2587319994037,44.92513400005],[-93.2574739995781,44.925133000204],[-93.2574499992887,44.925139999761],[-93.2561989991359,44.9251409996068],[-93.2549289996147,44.9251419994526],[-93.2536699999643,44.9251429999344],[-93.2523839996513,44.9251439997801],[-93.2511099999323,44.9251449996258],[-93.2498439997107,44.9251459994715],[-93.2485769996644,44.9251469999532],[-93.2473219993134,44.9251479997989],[-93.2473219993135,44.9251330002041]]]},"properties":{"OBJECTID":11,"BDNUM":"11","Shape__Area":14167226.964702129,"Shape__Length":22597.874388415465}},{"type":"Feature","id":12,"geometry":{"type":"Polygon","coordinates":[[[-93.2077500001191,44.9530349997512],[-93.2035969996273,44.9509779993356],[-93.2020559990462,44.9483760002244],[-93.2007039995093,44.9436320000251],[-93.200104000358,44.9415059994356],[-93.2006229993185,44.9378759996439],[-93.200638999212,44.9375299995795],[-93.2006459997831,44.9373789999106],[-93.2007909995479,44.9343010005081],[-93.2007670001568,44.9341299992015],[-93.2002959999787,44.9307089999442],[-93.2002869997578,44.9306450000825],[-93.2002519995977,44.9303909994317],[-93.1997889998154,44.9270329997504],[-93.1998110004551,44.9269290000407],[-93.1998490000899,44.9267510003206],[-93.2001189995283,44.925502999878],[-93.2004269995,44.9240769999341],[-93.2013589998105,44.9197639997602],[-93.2013189996275,44.9192430003713],[-93.2012069994746,44.9178029999902],[-93.2011289996568,44.9167929994519],[-93.2009279998154,44.9148669996677],[-93.2003669992255,44.9096250001223],[-93.1989829999014,44.9080430000299],[-93.1987369998541,44.9077610002774],[-93.1976139997479,44.9071999996407],[-93.1960220000115,44.9064039994372],[-93.1943320003657,44.9055589994517],[-93.1940419990392,44.905414000216],[-93.1946970002389,44.9054149997687],[-93.1978790000616,44.9054149997687],[-93.1984489990757,44.9054089999067],[-93.198594999564,44.9054079997176],[-93.1991349993391,44.9053959999913],[-93.1993569999952,44.9053959999913],[-93.2000699991245,44.90539800037],[-93.2024919999626,44.9054069995284],[-93.2033309994885,44.9054049997862],[-93.2033809997173,44.905403999597],[-93.2050479997968,44.9053989999231],[-93.2056249993818,44.90539800037],[-93.2063140000182,44.9053959999913],[-93.2075959992348,44.9053919998699],[-93.2076189996995,44.9035909994984],[-93.2076339988698,44.9017979994414],[-93.2076520002096,44.8999629996419],[-93.2076579991592,44.8992789992807],[-93.2076639999053,44.8986659998584],[-93.2076639999054,44.8984960003237],[-93.2076670002783,44.8983540001175],[-93.2076710004763,44.8981759996864],[-93.2076720003013,44.8981250001442],[-93.2076870003698,44.89631699941],[-93.2089390003477,44.8963129999297],[-93.2102049996707,44.8963140002771],[-93.2107529998418,44.8963129999297],[-93.2107460001692,44.8961350001803],[-93.2107389995982,44.8955870002239],[-93.2107819992559,44.8953390001296],[-93.2107559993166,44.8947079996785],[-93.2108749991423,44.8936950000196],[-93.210892999584,44.8930919998324],[-93.2145969996388,44.8930889998948],[-93.2162660002665,44.893085999957],[-93.2171749992142,44.893697000169],[-93.2171729995643,44.8945100001166],[-93.2171739993893,44.8955250001415],[-93.2171889994579,44.8961439995159],[-93.2179190001022,44.8961269999213],[-93.2179979997448,44.8961279996355],[-93.2190279999648,44.8961179999466],[-93.2190329999877,44.8948969996656],[-93.2203719991059,44.8948969996656],[-93.22263799941,44.8960479995303],[-93.222633999212,44.8961130001016],[-93.2225880000795,44.8968210004386],[-93.2214370003842,44.8968249998836],[-93.2210490000465,44.896965000012],[-93.2197739996043,44.896965000012],[-93.2193829997921,44.8967289997623],[-93.2190239997668,44.8967420003648],[-93.2190179999191,44.8979029995883],[-93.2203460000648,44.8972800000091],[-93.2203469998898,44.8971330002252],[-93.2229610003484,44.8971520001881],[-93.2229610003486,44.8974489996295],[-93.2229589998004,44.8975899998365],[-93.2229539997776,44.8981129995341],[-93.222930999313,44.9017579995292],[-93.2229079997468,44.9035739995603],[-93.2229000002491,44.904465000023],[-93.2228849992821,44.9053549998475],[-93.2228779996095,44.9053730000849],[-93.2228699992136,44.9062649995613],[-93.2228699992135,44.9071789995003],[-93.222861999716,44.9089889999421],[-93.2228699992135,44.909007000314],[-93.222861999716,44.9099010002435],[-93.22285399932,44.9108059994041],[-93.2270950005737,44.9107969998186],[-93.2271579994245,44.9108010002001],[-93.2284129997753,44.9107949996278],[-93.2296670003014,44.9107889996911],[-93.2309300001498,44.9107820002944],[-93.2321889998001,44.9107759997201],[-93.2321699995336,44.9125629992855],[-93.232146999069,44.9143749994669],[-93.2322159995644,44.9160470000091],[-93.2322109995415,44.9164209996664],[-93.2334639993441,44.9164049997036],[-93.2349739999631,44.9163990003526],[-93.2384119998792,44.9164019997101],[-93.2393649992078,44.9163929997287],[-93.2401659990989,44.9162840004775],[-93.2403969990777,44.9162959998391],[-93.242182999881,44.9160850001501],[-93.242545999206,44.9160580000525],[-93.2430569995672,44.9160389999762],[-93.2435679999283,44.9160389999762],[-93.2460019995636,44.916046000005],[-93.2460019995637,44.9179079996541],[-93.2460189992822,44.9196740000592],[-93.2460129994343,44.9197579994877],[-93.2460250000282,44.9215240002791],[-93.2460479995944,44.9233210002427],[-93.2447739998754,44.9233170000967],[-93.2447859995708,44.9251249995281],[-93.2460559990921,44.9251290001843],[-93.2473219993135,44.9251330002041],[-93.2473219993134,44.9251479997989],[-93.2473219993135,44.9269409997233],[-93.2473299997094,44.9269589995604],[-93.2473339999073,44.9286349994012],[-93.2473339999073,44.9287339996502],[-93.2473360004555,44.9299629999306],[-93.2473370002804,44.9304499995378],[-93.2473370002804,44.9305229992941],[-93.2473449997781,44.9322849997121],[-93.247344999778,44.9341159997339],[-93.2473370002804,44.9341339998664],[-93.2473480001511,44.9359279993889],[-93.2473599989483,44.9377150001656],[-93.2473530001739,44.9377330004417],[-93.246062999663,44.9377330004417],[-93.2448119995101,44.9377330004417],[-93.2435609993573,44.9377330004417],[-93.2422559996759,44.9377330004417],[-93.2405850002969,44.9377330004417],[-93.2405549992614,44.9377330004416],[-93.2388759994863,44.9377290000276],[-93.2372059999322,44.9377330004417],[-93.2371549998785,44.9377249996131],[-93.2359089997485,44.9377229997238],[-93.2346499991997,44.9377219994611],[-93.2333830000515,44.9377209998343],[-93.2321009999366,44.9377169994194],[-93.2316009994461,44.9377189993089],[-93.2312389999461,44.9377169994193],[-93.230804999578,44.9370849996643],[-93.2299739995495,44.9358980001022],[-93.2299390002878,44.9358509995985],[-93.2295589994478,44.9352969999622],[-93.2291040000615,44.934667999957],[-93.2287259997697,44.9340820001043],[-93.2285079993117,44.9340820001043],[-93.2274909995104,44.934078999762],[-93.2270679999111,44.9340780000718],[-93.2270429997967,44.9340820001043],[-93.2266159999995,44.9340860001366],[-93.2256599993994,44.9341029999527],[-93.2239059992813,44.9341299992015],[-93.2250600002481,44.9357109994259],[-93.2252119996857,44.9359210005106],[-93.2265299997858,44.937721999461],[-93.2265379992833,44.937739999735],[-93.2270369999489,44.9384360000645],[-93.2270510001927,44.9384769994993],[-93.2278009991318,44.9395349993842],[-93.2290879992697,44.9413499996878],[-93.2283859991129,44.9413509998872],[-93.227067999911,44.9413529996502],[-93.2270429997968,44.9413569998119],[-93.2256929990114,44.9413669998968],[-93.2244109997946,44.9413769999801],[-93.2243189997332,44.9413769999801],[-93.2229610003485,44.9413869994258],[-93.22167999916,44.9413989999028],[-93.2203979999434,44.9414059993851],[-93.2191309998969,44.9414139997008],[-93.2178500005052,44.9414249993382],[-93.2178420001093,44.9414439992849],[-93.2178420001092,44.9432259998735],[-93.2178420001093,44.9450019996511],[-93.2178270000407,44.9450190000505],[-93.2178310002385,44.9468079997597],[-93.2178339997133,44.9483570000287],[-93.2178270000406,44.9483750001473],[-93.2178339997134,44.9501649995753],[-93.2178420001092,44.9519689999647],[-93.2191159998284,44.9519729993867],[-93.2203829998748,44.9519729993867],[-93.2203829998747,44.9532710002008],[-93.2200699998804,44.9532930000154],[-93.219467000356,44.9533619993794],[-93.2188719994308,44.9534609995935],[-93.2183459998994,44.9535599996368],[-93.2178339997134,44.9536819997955],[-93.2172470000825,44.953842000288],[-93.216674999622,44.9540249998476],[-93.2165609998191,44.9540679995482],[-93.2161179992301,44.9542349994255],[-93.2155759998051,44.9544640002295],[-93.2153199997121,44.9545879996755],[-93.2150569999462,44.9547159999916],[-93.2145539999812,44.954990000354],[-93.2144760001632,44.9550379997724],[-93.214081000153,44.95527999999],[-93.2140329995742,44.955312999825],[-93.2136309998913,44.9555930002236],[-93.2135449996776,44.9556429996742],[-93.21275999968,44.9561009999381],[-93.2100280001189,44.95469099955],[-93.2077569997918,44.953209000042],[-93.2077500001191,44.9530349997512]]]},"properties":{"OBJECTID":12,"BDNUM":"12","Shape__Area":15263270.58230257,"Shape__Length":24007.034488835536}},{"type":"Feature","id":13,"geometry":{"type":"Polygon","coordinates":[[[-93.322623999352,44.9377589996294],[-93.3216090000988,44.9377520003384],[-93.3213499996329,44.9377520003384],[-93.3199079996843,44.937739999735],[-93.3200909999824,44.937453999661],[-93.3202439992451,44.9371569996172],[-93.3203659994438,44.9368520002666],[-93.3204419996117,44.9365430000711],[-93.3204800001449,44.936225999719],[-93.3204880005407,44.9359130000655],[-93.3204729995739,44.9357569997474],[-93.3204270004414,44.9356119997567],[-93.3203429998774,44.9354709999715],[-93.3202290000746,44.9353449999516],[-93.3200839994114,44.935233999796],[-93.3199079996843,44.9351459995087],[-93.3197169998886,44.9350780001771],[-93.3195189995219,44.9350359999137],[-93.3191600003949,44.9350200000476],[-93.3188019992963,44.9350240000146],[-93.318776999182,44.9350279993454],[-93.3176349997075,44.9350359999138],[-93.3175579997146,44.9350359999137],[-93.3171920000166,44.9350319999476],[-93.3168259994205,44.9350469995011],[-93.3164599997226,44.9350849991581],[-93.3152770002399,44.9352150003379],[-93.3149640002456,44.9352150003379],[-93.3146589997488,44.9351960002377],[-93.3143459988561,44.9351619993396],[-93.3141169994255,44.9351200004097],[-93.3140910003845,44.9351170001215],[-93.3138889998199,44.9350590000314],[-93.3136749995595,44.9349750000822],[-93.3134309991621,44.9348529995889],[-93.3132100001275,44.9347149995212],[-93.3130039993649,44.9345589997643],[-93.3129349997679,44.9345049997498],[-93.312769999013,44.9344099999187],[-93.3126899995455,44.9343790001541],[-93.3126389994919,44.9343550000786],[-93.3123349997182,44.9342399998959],[-93.3120109998531,44.9341439999375],[-93.311676999044,44.9340739994029],[-93.3114129994534,44.9340349993861],[-93.3111489989643,44.9340220002225],[-93.3108849993738,44.9340329993682],[-93.3108269996474,44.9340329993682],[-93.3107449996317,44.9340390000576],[-93.3106049989913,44.9340430000929],[-93.3105359993943,44.9340379997308],[-93.310472999645,44.934018999877],[-93.310432999462,44.9339870002094],[-93.3103759995607,44.9338959995672],[-93.3103359993777,44.9338219999518],[-93.3103019999409,44.9336279997169],[-93.3090839993998,44.9340430000929],[-93.3090619996586,44.9340490001453],[-93.3086979996106,44.9341230001041],[-93.3083510001794,44.9342599999995],[-93.3080579993781,44.9343600004132],[-93.3077809993686,44.9344750003556],[-93.3077140003197,44.9345069997511],[-93.3075169997779,44.9346029997387],[-93.3071799994941,44.9347339997807],[-93.3054929993231,44.9356919994899],[-93.3052089996409,44.9359010003496],[-93.3049469997002,44.936126000011],[-93.3047169995464,44.9363620000342],[-93.3045090000322,44.9366159997137],[-93.3043399999778,44.9368779992173],[-93.3041949993145,44.9371509992537],[-93.3040870002579,44.9374299995989],[-93.3040119990165,44.9377169994193],[-93.3029019993289,44.9377169994194],[-93.3022079995679,44.9377139999028],[-93.300926000351,44.9377100001232],[-93.2996439993379,44.9377059997075],[-93.2983930000834,44.9377059997074],[-93.2971189994659,44.9377059997075],[-93.2958449997469,44.9377059997074],[-93.2945629996318,44.9377059997074],[-93.2932969994103,44.9377100001232],[-93.2920379997599,44.9377100001232],[-93.2907559996448,44.937712000013],[-93.2894899994234,44.9377139999028],[-93.2882709999558,44.9377139999027],[-93.2882080002065,44.9377169994193],[-93.2882229993769,44.9358980001023],[-93.2882389992706,44.9340739994029],[-93.2882309997729,44.9340559998877],[-93.2882500000394,44.9322740002316],[-93.2882690003061,44.9304570003548],[-93.28826099991,44.9304390003419],[-93.2882639993849,44.9299670002497],[-93.2882719997808,44.928627000485],[-93.2882839994765,44.9268069996274],[-93.2882999993699,44.9249950003137],[-93.2883149994384,44.9231829998158],[-93.2883149994385,44.9213789993379],[-93.2883149994384,44.9195669999204],[-93.2883069999409,44.9177469995398],[-93.2882999993699,44.9159569995751],[-93.288291998974,44.9159389994714],[-93.2882769998035,44.9141269996204],[-93.2882539993391,44.9123079994065],[-93.2882690003061,44.910495999581],[-93.288269000306,44.9101369998677],[-93.2882769998036,44.9086950000671],[-93.2882799992784,44.9082880002643],[-93.2882839994764,44.9076580001875],[-93.2882839994763,44.9068909996189],[-93.2882839994764,44.9065130002492],[-93.2882919989738,44.9050829996731],[-93.288291998974,44.9032779995328],[-93.2882999993699,44.9014879993943],[-93.2882919989739,44.9014430005211],[-93.2882939995221,44.9008529998057],[-93.2883489997736,44.9006109998795],[-93.2883789999108,44.9004630000642],[-93.2884129993477,44.9002849997989],[-93.2884579995535,44.9000930001318],[-93.288522000026,44.8998459993951],[-93.2886109997144,44.899539999533],[-93.2886800002098,44.8993029993753],[-93.2887639998754,44.899050999473],[-93.2889169991378,44.8986949991935],[-93.2890949994132,44.8983099997404],[-93.2893279990416,44.8978340003932],[-93.2895689999644,44.8974200003023],[-93.2898179994864,44.8969629993399],[-93.2900469989169,44.8965619999846],[-93.2902819990936,44.8961889999909],[-93.2904479996734,44.8959610000214],[-93.2908419998586,44.8955039995544],[-93.2911530002032,44.8951859995458],[-93.2914429997331,44.894889000507],[-93.2918929999948,44.8944950001607],[-93.2927499999625,44.8937689997759],[-93.2932689998213,44.8933059998553],[-93.2937799992841,44.8928629992678],[-93.2941869998882,44.8924649999299],[-93.2945029993572,44.8921369999179],[-93.2946589998913,44.8919820001519],[-93.294845999489,44.8917849999039],[-93.2950449996807,44.8915389995482],[-93.2950749998179,44.8914999992942],[-93.2952259994305,44.891315000063],[-93.2953749993936,44.8911219999177],[-93.2954799998739,44.8909399995203],[-93.2955789996081,44.8907579991835],[-93.2956210003392,44.89064599962],[-93.295655999601,44.8905590002121],[-93.2956829993651,44.8904750001103],[-93.2957929998682,44.8901459997501],[-93.2959660001205,44.8901710002923],[-93.2965560001246,44.8902280000623],[-93.2969529997846,44.8902719996229],[-93.2973229996805,44.8903049999077],[-93.2977969993333,44.8903270002991],[-93.2983300003341,44.8903369997222],[-93.2996149999238,44.8903839999146],[-93.3050499996323,44.8905960002105],[-93.3053559990558,44.8906049997765],[-93.3065949995131,44.8906439993646],[-93.3079410001004,44.8906190003007],[-93.3086609998006,44.8906049997765],[-93.3089810003661,44.8906180004907],[-93.31235300016,44.8907150004395],[-93.3137509997276,44.8907150004394],[-93.3158349995586,44.8907379992093],[-93.3180929994668,44.8907599994351],[-93.3188249997608,44.8907520003375],[-93.3188249997609,44.8908539997266],[-93.3188249997609,44.8910639999584],[-93.3188249997608,44.8911599999909],[-93.3188249997609,44.8926010001158],[-93.318824999761,44.8943980002233],[-93.3188289999589,44.8962019994428],[-93.3188319994336,44.8979989996587],[-93.318824999761,44.8998180002906],[-93.3188249997609,44.9002829998786],[-93.3188249997609,44.9016189992363],[-93.3188249997609,44.9034269999607],[-93.3188249997609,44.9034500000095],[-93.3188169993649,44.9052389999492],[-93.3200449990534,44.9052469995767],[-93.3201139995487,44.9052469995767],[-93.3206009996204,44.9052499995163],[-93.3208109996827,44.9052519999001],[-93.3213580000288,44.9052560000312],[-93.3213889990926,44.9052560000312],[-93.322623999352,44.9052619999092],[-93.3226469998166,44.9052630001009],[-93.323913999863,44.9052729994719],[-93.3251719996883,44.9052810003672],[-93.3264539998036,44.9052909997351],[-93.327704999058,44.9052989999916],[-93.328994999569,44.9053079998017],[-93.3289949995689,44.9053849998159],[-93.3290100005359,44.907112000304],[-93.3290179991351,44.9089050000403],[-93.3290179991353,44.9089239999304],[-93.3290249997062,44.9107020002204],[-93.3290249997062,44.9107250005394],[-93.3290329992038,44.9125289996215],[-93.3290480001707,44.9134520002765],[-93.3290559996683,44.9143299998666],[-93.3290709997369,44.9161260002739],[-93.3290939993033,44.9179150000914],[-93.3291089993717,44.9197199998674],[-93.3291040002473,44.920848999408],[-93.3291019996992,44.9215319995483],[-93.3291019996991,44.9219359999958],[-93.3291019996991,44.92199200018],[-93.3291019996992,44.9225430000017],[-93.3291000000493,44.9226340001866],[-93.3290969996761,44.9233780002254],[-93.3290959998512,44.9236679999203],[-93.3290919996533,44.9249489996406],[-93.3290919996533,44.9250760000546],[-93.3290919996533,44.9250989997088],[-93.3290859998056,44.9269369998294],[-93.329070999737,44.9287529999804],[-93.3290680002621,44.9290289998173],[-93.3290559996683,44.9305570003949],[-93.3290559996683,44.9305869999277],[-93.3290409995997,44.9323619998324],[-93.3290249997063,44.9340630002651],[-93.3288299997125,44.9340609996123],[-93.3277439994162,44.9340549995611],[-93.3264619993012,44.9340490001453],[-93.3251800000844,44.9340430000929],[-93.3239059994669,44.934035999713],[-93.3232679997826,44.9340929998744],[-93.3232819991279,44.9342849991654],[-93.3232710001556,44.9353669996419],[-93.3235439999671,44.9354150002087],[-93.3235319993731,44.936021999596],[-93.3230920000554,44.9359980002072],[-93.322626999725,44.9359550003233],[-93.322623999352,44.9377589996294]]]},"properties":{"OBJECTID":13,"BDNUM":"13","Shape__Area":14679247.61844492,"Shape__Length":17150.598698992479}}]}